"biome_name","lineage","samples_count","url"
"Fecal","root:Host-associated:Human:Digestive system:Large intestine:Fecal",57623,"https://www.ebi.ac.uk/metagenomics/api/v1/biomes/root:Host-associated:Human:Digestive%20system:Large%20intestine:Fecal?format=csv"
"Human","root:Host-associated:Human",38158,"https://www.ebi.ac.uk/metagenomics/api/v1/biomes/root:Host-associated:Human?format=csv"
"Mixed","root:Mixed",21667,"https://www.ebi.ac.uk/metagenomics/api/v1/biomes/root:Mixed?format=csv"
"Digestive system","root:Host-associated:Human:Digestive system",20067,"https://www.ebi.ac.uk/metagenomics/api/v1/biomes/root:Host-associated:Human:Digestive%20system?format=csv"
"Lung","root:Host-associated:Human:Respiratory system:Pulmonary system:Lung",17524,"https://www.ebi.ac.uk/metagenomics/api/v1/biomes/root:Host-associated:Human:Respiratory%20system:Pulmonary%20system:Lung?format=csv"
"Oral","root:Host-associated:Human:Digestive system:Oral",16478,"https://www.ebi.ac.uk/metagenomics/api/v1/biomes/root:Host-associated:Human:Digestive%20system:Oral?format=csv"
"Marine","root:Environmental:Aquatic:Marine",16161,"https://www.ebi.ac.uk/metagenomics/api/v1/biomes/root:Environmental:Aquatic:Marine?format=csv"
"Soil","root:Environmental:Terrestrial:Soil",13265,"https://www.ebi.ac.uk/metagenomics/api/v1/biomes/root:Environmental:Terrestrial:Soil?format=csv"
"Digestive system","root:Host-associated:Mammals:Digestive system",12247,"https://www.ebi.ac.uk/metagenomics/api/v1/biomes/root:Host-associated:Mammals:Digestive%20system?format=csv"
"Skin","root:Host-associated:Human:Skin",11407,"https://www.ebi.ac.uk/metagenomics/api/v1/biomes/root:Host-associated:Human:Skin?format=csv"
"Fecal","root:Host-associated:Mammals:Digestive system:Fecal",10404,"https://www.ebi.ac.uk/metagenomics/api/v1/biomes/root:Host-associated:Mammals:Digestive%20system:Fecal?format=csv"
"Vagina","root:Host-associated:Human:Reproductive system:Vagina",10196,"https://www.ebi.ac.uk/metagenomics/api/v1/biomes/root:Host-associated:Human:Reproductive%20system:Vagina?format=csv"
"Nasopharyngeal","root:Host-associated:Human:Respiratory system:Nasopharyngeal",9354,"https://www.ebi.ac.uk/metagenomics/api/v1/biomes/root:Host-associated:Human:Respiratory%20system:Nasopharyngeal?format=csv"
"Plants","root:Host-associated:Plants",9199,"https://www.ebi.ac.uk/metagenomics/api/v1/biomes/root:Host-associated:Plants?format=csv"
"Sputum","root:Host-associated:Human:Respiratory system:Pulmonary system:Sputum",8699,"https://www.ebi.ac.uk/metagenomics/api/v1/biomes/root:Host-associated:Human:Respiratory%20system:Pulmonary%20system:Sputum?format=csv"
"Saliva","root:Host-associated:Human:Digestive system:Oral:Saliva",6511,"https://www.ebi.ac.uk/metagenomics/api/v1/biomes/root:Host-associated:Human:Digestive%20system:Oral:Saliva?format=csv"
"Fecal","root:Host-associated:Mammals:Digestive system:Large intestine:Fecal",6410,"https://www.ebi.ac.uk/metagenomics/api/v1/biomes/root:Host-associated:Mammals:Digestive%20system:Large%20intestine:Fecal?format=csv"
"Oceanic","root:Environmental:Aquatic:Marine:Oceanic",5936,"https://www.ebi.ac.uk/metagenomics/api/v1/biomes/root:Environmental:Aquatic:Marine:Oceanic?format=csv"
"Rhizosphere","root:Host-associated:Plants:Rhizosphere",5268,"https://www.ebi.ac.uk/metagenomics/api/v1/biomes/root:Host-associated:Plants:Rhizosphere?format=csv"
"Root","root:Host-associated:Plants:Root",4981,"https://www.ebi.ac.uk/metagenomics/api/v1/biomes/root:Host-associated:Plants:Root?format=csv"
"Soil","root:Host-associated:Plants:Rhizosphere:Soil",4490,"https://www.ebi.ac.uk/metagenomics/api/v1/biomes/root:Host-associated:Plants:Rhizosphere:Soil?format=csv"
"Agricultural","root:Environmental:Terrestrial:Soil:Agricultural",4300,"https://www.ebi.ac.uk/metagenomics/api/v1/biomes/root:Environmental:Terrestrial:Soil:Agricultural?format=csv"
"Rumen","root:Host-associated:Mammals:Digestive system:Stomach:Rumen",4164,"https://www.ebi.ac.uk/metagenomics/api/v1/biomes/root:Host-associated:Mammals:Digestive%20system:Stomach:Rumen?format=csv"
"Sediment","root:Environmental:Aquatic:Marine:Sediment",4090,"https://www.ebi.ac.uk/metagenomics/api/v1/biomes/root:Environmental:Aquatic:Marine:Sediment?format=csv"
"Mammals","root:Host-associated:Mammals",3862,"https://www.ebi.ac.uk/metagenomics/api/v1/biomes/root:Host-associated:Mammals?format=csv"
"Large intestine","root:Host-associated:Human:Digestive system:Large intestine",3541,"https://www.ebi.ac.uk/metagenomics/api/v1/biomes/root:Host-associated:Human:Digestive%20system:Large%20intestine?format=csv"
"Fecal","root:Host-associated:Mammals:Gastrointestinal tract:Intestine:Fecal",3349,"https://www.ebi.ac.uk/metagenomics/api/v1/biomes/root:Host-associated:Mammals:Gastrointestinal%20tract:Intestine:Fecal?format=csv"
"Lake","root:Environmental:Aquatic:Freshwater:Lake",2986,"https://www.ebi.ac.uk/metagenomics/api/v1/biomes/root:Environmental:Aquatic:Freshwater:Lake?format=csv"
"Insecta","root:Host-associated:Insecta",2857,"https://www.ebi.ac.uk/metagenomics/api/v1/biomes/root:Host-associated:Insecta?format=csv"
"Forest soil","root:Environmental:Terrestrial:Soil:Forest soil",2829,"https://www.ebi.ac.uk/metagenomics/api/v1/biomes/root:Environmental:Terrestrial:Soil:Forest%20soil?format=csv"
"Pharynx","root:Host-associated:Human:Respiratory system:Nasopharyngeal:Pharynx",2550,"https://www.ebi.ac.uk/metagenomics/api/v1/biomes/root:Host-associated:Human:Respiratory%20system:Nasopharyngeal:Pharynx?format=csv"
"Cecum","root:Host-associated:Birds:Digestive system:Digestive tube:Cecum",2414,"https://www.ebi.ac.uk/metagenomics/api/v1/biomes/root:Host-associated:Birds:Digestive%20system:Digestive%20tube:Cecum?format=csv"
"Coastal","root:Environmental:Aquatic:Marine:Coastal",2075,"https://www.ebi.ac.uk/metagenomics/api/v1/biomes/root:Environmental:Aquatic:Marine:Coastal?format=csv"
"Digestive system","root:Host-associated:Birds:Digestive system",2034,"https://www.ebi.ac.uk/metagenomics/api/v1/biomes/root:Host-associated:Birds:Digestive%20system?format=csv"
"Fecal","root:Host-associated:Animal:Digestive system:Fecal",1999,"https://www.ebi.ac.uk/metagenomics/api/v1/biomes/root:Host-associated:Animal:Digestive%20system:Fecal?format=csv"
"tongue dorsum","root:Host-associated:Human:Digestive system:Oral:tongue dorsum",1985,"https://www.ebi.ac.uk/metagenomics/api/v1/biomes/root:Host-associated:Human:Digestive%20system:Oral:tongue%20dorsum?format=csv"
"Phylloplane","root:Host-associated:Plants:Phylloplane",1894,"https://www.ebi.ac.uk/metagenomics/api/v1/biomes/root:Host-associated:Plants:Phylloplane?format=csv"
"Dairy products","root:Engineered:Food production:Dairy products",1829,"https://www.ebi.ac.uk/metagenomics/api/v1/biomes/root:Engineered:Food%20production:Dairy%20products?format=csv"
"Ceca","root:Host-associated:Birds:Digestive system:Ceca",1776,"https://www.ebi.ac.uk/metagenomics/api/v1/biomes/root:Host-associated:Birds:Digestive%20system:Ceca?format=csv"
"Host-associated","root:Host-associated",1772,"https://www.ebi.ac.uk/metagenomics/api/v1/biomes/root:Host-associated?format=csv"
"Grasslands","root:Environmental:Terrestrial:Soil:Grasslands",1741,"https://www.ebi.ac.uk/metagenomics/api/v1/biomes/root:Environmental:Terrestrial:Soil:Grasslands?format=csv"
"Female","root:Host-associated:Human:Reproductive system:Female",1648,"https://www.ebi.ac.uk/metagenomics/api/v1/biomes/root:Host-associated:Human:Reproductive%20system:Female?format=csv"
"Gastrointestinal tract","root:Host-associated:Mammals:Gastrointestinal tract",1591,"https://www.ebi.ac.uk/metagenomics/api/v1/biomes/root:Host-associated:Mammals:Gastrointestinal%20tract?format=csv"
"Bog","root:Environmental:Aquatic:Freshwater:Wetlands:Bog",1545,"https://www.ebi.ac.uk/metagenomics/api/v1/biomes/root:Environmental:Aquatic:Freshwater:Wetlands:Bog?format=csv"
"Throat","root:Host-associated:Human:Digestive system:Oral:Throat",1487,"https://www.ebi.ac.uk/metagenomics/api/v1/biomes/root:Host-associated:Human:Digestive%20system:Oral:Throat?format=csv"
"Coral reef","root:Environmental:Aquatic:Marine:Intertidal zone:Coral reef",1448,"https://www.ebi.ac.uk/metagenomics/api/v1/biomes/root:Environmental:Aquatic:Marine:Intertidal%20zone:Coral%20reef?format=csv"
"Birds","root:Host-associated:Birds",1390,"https://www.ebi.ac.uk/metagenomics/api/v1/biomes/root:Host-associated:Birds?format=csv"
"Sediment","root:Environmental:Aquatic:Marine:Coastal:Sediment",1344,"https://www.ebi.ac.uk/metagenomics/api/v1/biomes/root:Environmental:Aquatic:Marine:Coastal:Sediment?format=csv"
"Endophytes","root:Host-associated:Plants:Rhizoplane:Endophytes",1265,"https://www.ebi.ac.uk/metagenomics/api/v1/biomes/root:Host-associated:Plants:Rhizoplane:Endophytes?format=csv"
"Activated Sludge","root:Engineered:Wastewater:Activated Sludge",1252,"https://www.ebi.ac.uk/metagenomics/api/v1/biomes/root:Engineered:Wastewater:Activated%20Sludge?format=csv"
"Digestive system","root:Host-associated:Insecta:Digestive system",1220,"https://www.ebi.ac.uk/metagenomics/api/v1/biomes/root:Host-associated:Insecta:Digestive%20system?format=csv"
"Cecum","root:Host-associated:Mammals:Digestive system:Large intestine:Cecum",1163,"https://www.ebi.ac.uk/metagenomics/api/v1/biomes/root:Host-associated:Mammals:Digestive%20system:Large%20intestine:Cecum?format=csv"
"Respiratory system","root:Host-associated:Mammals:Respiratory system",1088,"https://www.ebi.ac.uk/metagenomics/api/v1/biomes/root:Host-associated:Mammals:Respiratory%20system?format=csv"
"Forest soil","root:Host-associated:Plants:Rhizosphere:Forest soil",1083,"https://www.ebi.ac.uk/metagenomics/api/v1/biomes/root:Host-associated:Plants:Rhizosphere:Forest%20soil?format=csv"
"Intestine","root:Host-associated:Mammals:Gastrointestinal tract:Intestine",1071,"https://www.ebi.ac.uk/metagenomics/api/v1/biomes/root:Host-associated:Mammals:Gastrointestinal%20tract:Intestine?format=csv"
"Skin","root:Host-associated:Mammals:Skin",1056,"https://www.ebi.ac.uk/metagenomics/api/v1/biomes/root:Host-associated:Mammals:Skin?format=csv"
"Fish","root:Host-associated:Fish",1056,"https://www.ebi.ac.uk/metagenomics/api/v1/biomes/root:Host-associated:Fish?format=csv"
"Estuary","root:Environmental:Aquatic:Marine:Intertidal zone:Estuary",1038,"https://www.ebi.ac.uk/metagenomics/api/v1/biomes/root:Environmental:Aquatic:Marine:Intertidal%20zone:Estuary?format=csv"
"Bioreactor","root:Engineered:Bioreactor",1003,"https://www.ebi.ac.uk/metagenomics/api/v1/biomes/root:Engineered:Bioreactor?format=csv"
"Forest soil","root:Environmental:Terrestrial:Soil:Loam:Forest soil",995,"https://www.ebi.ac.uk/metagenomics/api/v1/biomes/root:Environmental:Terrestrial:Soil:Loam:Forest%20soil?format=csv"
"Pulmonary system","root:Host-associated:Human:Respiratory system:Pulmonary system",976,"https://www.ebi.ac.uk/metagenomics/api/v1/biomes/root:Host-associated:Human:Respiratory%20system:Pulmonary%20system?format=csv"
"Biofilm","root:Environmental:Aquatic:Freshwater:Groundwater:Biofilm",968,"https://www.ebi.ac.uk/metagenomics/api/v1/biomes/root:Environmental:Aquatic:Freshwater:Groundwater:Biofilm?format=csv"
"Animal","root:Host-associated:Animal",961,"https://www.ebi.ac.uk/metagenomics/api/v1/biomes/root:Host-associated:Animal?format=csv"
"Water and sludge","root:Engineered:Wastewater:Water and sludge",958,"https://www.ebi.ac.uk/metagenomics/api/v1/biomes/root:Engineered:Wastewater:Water%20and%20sludge?format=csv"
"Subgingival plaque","root:Host-associated:Human:Digestive system:Oral:Subgingival plaque",957,"https://www.ebi.ac.uk/metagenomics/api/v1/biomes/root:Host-associated:Human:Digestive%20system:Oral:Subgingival%20plaque?format=csv"
"Contaminated","root:Environmental:Terrestrial:Soil:Contaminated",887,"https://www.ebi.ac.uk/metagenomics/api/v1/biomes/root:Environmental:Terrestrial:Soil:Contaminated?format=csv"
"Sediment","root:Environmental:Aquatic:Sediment",870,"https://www.ebi.ac.uk/metagenomics/api/v1/biomes/root:Environmental:Aquatic:Sediment?format=csv"
"Large intestine","root:Host-associated:Mammals:Digestive system:Large intestine",862,"https://www.ebi.ac.uk/metagenomics/api/v1/biomes/root:Host-associated:Mammals:Digestive%20system:Large%20intestine?format=csv"
"Sediment","root:Environmental:Aquatic:Freshwater:Lentic:Sediment",841,"https://www.ebi.ac.uk/metagenomics/api/v1/biomes/root:Environmental:Aquatic:Freshwater:Lentic:Sediment?format=csv"
"Deep subsurface","root:Environmental:Terrestrial:Deep subsurface",829,"https://www.ebi.ac.uk/metagenomics/api/v1/biomes/root:Environmental:Terrestrial:Deep%20subsurface?format=csv"
"Digestive system","root:Host-associated:Mollusca:Digestive system",819,"https://www.ebi.ac.uk/metagenomics/api/v1/biomes/root:Host-associated:Mollusca:Digestive%20system?format=csv"
"Abyssal plane","root:Environmental:Aquatic:Marine:Oceanic:Abyssal plane",792,"https://www.ebi.ac.uk/metagenomics/api/v1/biomes/root:Environmental:Aquatic:Marine:Oceanic:Abyssal%20plane?format=csv"
"Porifera","root:Host-associated:Porifera",758,"https://www.ebi.ac.uk/metagenomics/api/v1/biomes/root:Host-associated:Porifera?format=csv"
"Built environment","root:Engineered:Built environment",758,"https://www.ebi.ac.uk/metagenomics/api/v1/biomes/root:Engineered:Built%20environment?format=csv"
"Groundwater","root:Environmental:Aquatic:Freshwater:Groundwater",740,"https://www.ebi.ac.uk/metagenomics/api/v1/biomes/root:Environmental:Aquatic:Freshwater:Groundwater?format=csv"
"Thermal springs","root:Environmental:Aquatic:Thermal springs",704,"https://www.ebi.ac.uk/metagenomics/api/v1/biomes/root:Environmental:Aquatic:Thermal%20springs?format=csv"
"Simulated communities (microbial mixture)","root:Engineered:Modeled:Simulated communities (microbial mixture)",656,"https://www.ebi.ac.uk/metagenomics/api/v1/biomes/root:Engineered:Modeled:Simulated%20communities%20(microbial%20mixture)?format=csv"
"Continuous culture","root:Engineered:Bioreactor:Continuous culture",648,"https://www.ebi.ac.uk/metagenomics/api/v1/biomes/root:Engineered:Bioreactor:Continuous%20culture?format=csv"
"Fecal","root:Host-associated:Birds:Digestive system:Fecal",630,"https://www.ebi.ac.uk/metagenomics/api/v1/biomes/root:Host-associated:Birds:Digestive%20system:Fecal?format=csv"
"Fungi","root:Host-associated:Fungi",628,"https://www.ebi.ac.uk/metagenomics/api/v1/biomes/root:Host-associated:Fungi?format=csv"
"Sediment","root:Environmental:Aquatic:Estuary:Sediment",611,"https://www.ebi.ac.uk/metagenomics/api/v1/biomes/root:Environmental:Aquatic:Estuary:Sediment?format=csv"
"Wastewater","root:Engineered:Wastewater",607,"https://www.ebi.ac.uk/metagenomics/api/v1/biomes/root:Engineered:Wastewater?format=csv"
"Intestine","root:Host-associated:Fish:Digestive system:Intestine",603,"https://www.ebi.ac.uk/metagenomics/api/v1/biomes/root:Host-associated:Fish:Digestive%20system:Intestine?format=csv"
"Cold seeps","root:Environmental:Aquatic:Marine:Cold seeps",572,"https://www.ebi.ac.uk/metagenomics/api/v1/biomes/root:Environmental:Aquatic:Marine:Cold%20seeps?format=csv"
"Digestive system","root:Host-associated:Fish:Digestive system",568,"https://www.ebi.ac.uk/metagenomics/api/v1/biomes/root:Host-associated:Fish:Digestive%20system?format=csv"
"Salt marsh","root:Environmental:Aquatic:Marine:Intertidal zone:Salt marsh",559,"https://www.ebi.ac.uk/metagenomics/api/v1/biomes/root:Environmental:Aquatic:Marine:Intertidal%20zone:Salt%20marsh?format=csv"
"Nasal cavity","root:Host-associated:Human:Respiratory system:Nasopharyngeal:Nasal cavity",557,"https://www.ebi.ac.uk/metagenomics/api/v1/biomes/root:Host-associated:Human:Respiratory%20system:Nasopharyngeal:Nasal%20cavity?format=csv"
"Pelagic","root:Environmental:Aquatic:Marine:Pelagic",547,"https://www.ebi.ac.uk/metagenomics/api/v1/biomes/root:Environmental:Aquatic:Marine:Pelagic?format=csv"
"Supragingival plaque","root:Host-associated:Human:Digestive system:Oral:Supragingival plaque",513,"https://www.ebi.ac.uk/metagenomics/api/v1/biomes/root:Host-associated:Human:Digestive%20system:Oral:Supragingival%20plaque?format=csv"
"Sigmoid colon","root:Host-associated:Human:Digestive system:Large intestine:Sigmoid colon",497,"https://www.ebi.ac.uk/metagenomics/api/v1/biomes/root:Host-associated:Human:Digestive%20system:Large%20intestine:Sigmoid%20colon?format=csv"
"Intestine","root:Host-associated:Human:Digestive system:Intestine",494,"https://www.ebi.ac.uk/metagenomics/api/v1/biomes/root:Host-associated:Human:Digestive%20system:Intestine?format=csv"
"posterior fornix","root:Host-associated:Human:Reproductive system:Vagina:posterior fornix",493,"https://www.ebi.ac.uk/metagenomics/api/v1/biomes/root:Host-associated:Human:Reproductive%20system:Vagina:posterior%20fornix?format=csv"
"Sediment","root:Environmental:Aquatic:Freshwater:Sediment",470,"https://www.ebi.ac.uk/metagenomics/api/v1/biomes/root:Environmental:Aquatic:Freshwater:Sediment?format=csv"
"Aquatic","root:Environmental:Aquatic",446,"https://www.ebi.ac.uk/metagenomics/api/v1/biomes/root:Environmental:Aquatic?format=csv"
"Algae","root:Host-associated:Algae",422,"https://www.ebi.ac.uk/metagenomics/api/v1/biomes/root:Host-associated:Algae?format=csv"
"Trachea","root:Host-associated:Human:Respiratory system:Pulmonary system:Trachea",416,"https://www.ebi.ac.uk/metagenomics/api/v1/biomes/root:Host-associated:Human:Respiratory%20system:Pulmonary%20system:Trachea?format=csv"
"Bioreactor","root:Engineered:Wastewater:Nutrient removal:Biological phosphorus removal:Bioreactor",414,"https://www.ebi.ac.uk/metagenomics/api/v1/biomes/root:Engineered:Wastewater:Nutrient%20removal:Biological%20phosphorus%20removal:Bioreactor?format=csv"
"Freshwater","root:Environmental:Aquatic:Freshwater",413,"https://www.ebi.ac.uk/metagenomics/api/v1/biomes/root:Environmental:Aquatic:Freshwater?format=csv"
"Oil-contaminated","root:Environmental:Aquatic:Marine:Intertidal zone:Oil-contaminated",409,"https://www.ebi.ac.uk/metagenomics/api/v1/biomes/root:Environmental:Aquatic:Marine:Intertidal%20zone:Oil-contaminated?format=csv"
"Sediment","root:Environmental:Aquatic:Marine:Oceanic:Sediment",402,"https://www.ebi.ac.uk/metagenomics/api/v1/biomes/root:Environmental:Aquatic:Marine:Oceanic:Sediment?format=csv"
"Oil-contaminated sediment","root:Environmental:Aquatic:Marine:Oil-contaminated sediment",399,"https://www.ebi.ac.uk/metagenomics/api/v1/biomes/root:Environmental:Aquatic:Marine:Oil-contaminated%20sediment?format=csv"
"Fermented vegetables","root:Engineered:Food production:Fermented vegetables",395,"https://www.ebi.ac.uk/metagenomics/api/v1/biomes/root:Engineered:Food%20production:Fermented%20vegetables?format=csv"
"Food production","root:Engineered:Food production",387,"https://www.ebi.ac.uk/metagenomics/api/v1/biomes/root:Engineered:Food%20production?format=csv"
"Agricultural wastewater","root:Engineered:Wastewater:Industrial wastewater:Agricultural wastewater",373,"https://www.ebi.ac.uk/metagenomics/api/v1/biomes/root:Engineered:Wastewater:Industrial%20wastewater:Agricultural%20wastewater?format=csv"
"Rhizome","root:Host-associated:Plants:Rhizome",370,"https://www.ebi.ac.uk/metagenomics/api/v1/biomes/root:Host-associated:Plants:Rhizome?format=csv"
"Urine","root:Host-associated:Human:Excretory system:Urethra:Urine",366,"https://www.ebi.ac.uk/metagenomics/api/v1/biomes/root:Host-associated:Human:Excretory%20system:Urethra:Urine?format=csv"
"Arthropoda","root:Host-associated:Arthropoda",359,"https://www.ebi.ac.uk/metagenomics/api/v1/biomes/root:Host-associated:Arthropoda?format=csv"
"Marginal Sea","root:Environmental:Aquatic:Marine:Marginal Sea",354,"https://www.ebi.ac.uk/metagenomics/api/v1/biomes/root:Environmental:Aquatic:Marine:Marginal%20Sea?format=csv"
"Pulmonary system","root:Host-associated:Mammals:Respiratory system:Pulmonary system",343,"https://www.ebi.ac.uk/metagenomics/api/v1/biomes/root:Host-associated:Mammals:Respiratory%20system:Pulmonary%20system?format=csv"
"Rectum","root:Host-associated:Human:Digestive system:Hindgut:Rectum",339,"https://www.ebi.ac.uk/metagenomics/api/v1/biomes/root:Host-associated:Human:Digestive%20system:Hindgut:Rectum?format=csv"
"Photic zone","root:Environmental:Aquatic:Marine:Oceanic:Photic zone",334,"https://www.ebi.ac.uk/metagenomics/api/v1/biomes/root:Environmental:Aquatic:Marine:Oceanic:Photic%20zone?format=csv"
"Tropical rainforest","root:Environmental:Terrestrial:Soil:Tropical rainforest",320,"https://www.ebi.ac.uk/metagenomics/api/v1/biomes/root:Environmental:Terrestrial:Soil:Tropical%20rainforest?format=csv"
"Sediment","root:Environmental:Aquatic:Freshwater:Lotic:Sediment",315,"https://www.ebi.ac.uk/metagenomics/api/v1/biomes/root:Environmental:Aquatic:Freshwater:Lotic:Sediment?format=csv"
"Industrial wastewater","root:Engineered:Wastewater:Industrial wastewater",306,"https://www.ebi.ac.uk/metagenomics/api/v1/biomes/root:Engineered:Wastewater:Industrial%20wastewater?format=csv"
"buccal mucosa","root:Host-associated:Human:Digestive system:Oral:buccal mucosa",288,"https://www.ebi.ac.uk/metagenomics/api/v1/biomes/root:Host-associated:Human:Digestive%20system:Oral:buccal%20mucosa?format=csv"
"Dissolved organics (anaerobic)","root:Engineered:Wastewater:Nutrient removal:Dissolved organics (anaerobic)",285,"https://www.ebi.ac.uk/metagenomics/api/v1/biomes/root:Engineered:Wastewater:Nutrient%20removal:Dissolved%20organics%20(anaerobic)?format=csv"
"Engineered","root:Engineered",284,"https://www.ebi.ac.uk/metagenomics/api/v1/biomes/root:Engineered?format=csv"
"Fermented beverages","root:Engineered:Food production:Fermented beverages",270,"https://www.ebi.ac.uk/metagenomics/api/v1/biomes/root:Engineered:Food%20production:Fermented%20beverages?format=csv"
"Digestive tube","root:Host-associated:Birds:Digestive system:Digestive tube",263,"https://www.ebi.ac.uk/metagenomics/api/v1/biomes/root:Host-associated:Birds:Digestive%20system:Digestive%20tube?format=csv"
"Lab enrichment","root:Engineered:Lab enrichment",259,"https://www.ebi.ac.uk/metagenomics/api/v1/biomes/root:Engineered:Lab%20enrichment?format=csv"
"Contaminated","root:Environmental:Aquatic:Freshwater:Groundwater:Contaminated",248,"https://www.ebi.ac.uk/metagenomics/api/v1/biomes/root:Environmental:Aquatic:Freshwater:Groundwater:Contaminated?format=csv"
"Desert","root:Environmental:Terrestrial:Soil:Desert",244,"https://www.ebi.ac.uk/metagenomics/api/v1/biomes/root:Environmental:Terrestrial:Soil:Desert?format=csv"
"Oil-contaminated","root:Environmental:Aquatic:Marine:Oceanic:Oil-contaminated",234,"https://www.ebi.ac.uk/metagenomics/api/v1/biomes/root:Environmental:Aquatic:Marine:Oceanic:Oil-contaminated?format=csv"
"Digestive system","root:Host-associated:Animal:Digestive system",233,"https://www.ebi.ac.uk/metagenomics/api/v1/biomes/root:Host-associated:Animal:Digestive%20system?format=csv"
"Benthic","root:Environmental:Aquatic:Marine:Oceanic:Benthic",232,"https://www.ebi.ac.uk/metagenomics/api/v1/biomes/root:Environmental:Aquatic:Marine:Oceanic:Benthic?format=csv"
"Blood","root:Host-associated:Human:Circulatory system:Blood",231,"https://www.ebi.ac.uk/metagenomics/api/v1/biomes/root:Host-associated:Human:Circulatory%20system:Blood?format=csv"
"Sediment","root:Environmental:Aquatic:Freshwater:Wetlands:Sediment",229,"https://www.ebi.ac.uk/metagenomics/api/v1/biomes/root:Environmental:Aquatic:Freshwater:Wetlands:Sediment?format=csv"
"Nasopharyngeal","root:Host-associated:Mammals:Respiratory system:Nasopharyngeal",222,"https://www.ebi.ac.uk/metagenomics/api/v1/biomes/root:Host-associated:Mammals:Respiratory%20system:Nasopharyngeal?format=csv"
"Crop","root:Environmental:Terrestrial:Soil:Crop",208,"https://www.ebi.ac.uk/metagenomics/api/v1/biomes/root:Environmental:Terrestrial:Soil:Crop?format=csv"
"Endophytes","root:Host-associated:Plants:Phylloplane:Endophytes",196,"https://www.ebi.ac.uk/metagenomics/api/v1/biomes/root:Host-associated:Plants:Phylloplane:Endophytes?format=csv"
"Cnidaria","root:Host-associated:Cnidaria",196,"https://www.ebi.ac.uk/metagenomics/api/v1/biomes/root:Host-associated:Cnidaria?format=csv"
"Oil-contaminated","root:Environmental:Terrestrial:Soil:Oil-contaminated",196,"https://www.ebi.ac.uk/metagenomics/api/v1/biomes/root:Environmental:Terrestrial:Soil:Oil-contaminated?format=csv"
"Hydrothermal vents","root:Environmental:Aquatic:Marine:Hydrothermal vents",191,"https://www.ebi.ac.uk/metagenomics/api/v1/biomes/root:Environmental:Aquatic:Marine:Hydrothermal%20vents?format=csv"
"Rumen","root:Host-associated:Mammals:Digestive system:Foregut:Rumen",181,"https://www.ebi.ac.uk/metagenomics/api/v1/biomes/root:Host-associated:Mammals:Digestive%20system:Foregut:Rumen?format=csv"
"Lab Synthesis","root:Engineered:Lab Synthesis",176,"https://www.ebi.ac.uk/metagenomics/api/v1/biomes/root:Engineered:Lab%20Synthesis?format=csv"
"Mangrove swamp","root:Environmental:Aquatic:Marine:Intertidal zone:Mangrove swamp",166,"https://www.ebi.ac.uk/metagenomics/api/v1/biomes/root:Environmental:Aquatic:Marine:Intertidal%20zone:Mangrove%20swamp?format=csv"
"Glacier","root:Environmental:Aquatic:Freshwater:Ice:Glacier",166,"https://www.ebi.ac.uk/metagenomics/api/v1/biomes/root:Environmental:Aquatic:Freshwater:Ice:Glacier?format=csv"
"Coral","root:Host-associated:Invertebrates:Cnidaria:Coral",165,"https://www.ebi.ac.uk/metagenomics/api/v1/biomes/root:Host-associated:Invertebrates:Cnidaria:Coral?format=csv"
"Reptile","root:Host-associated:Reptile",160,"https://www.ebi.ac.uk/metagenomics/api/v1/biomes/root:Host-associated:Reptile?format=csv"
"Composting","root:Engineered:Solid waste:Composting",159,"https://www.ebi.ac.uk/metagenomics/api/v1/biomes/root:Engineered:Solid%20waste:Composting?format=csv"
"Lotic","root:Environmental:Aquatic:Freshwater:Lotic",154,"https://www.ebi.ac.uk/metagenomics/api/v1/biomes/root:Environmental:Aquatic:Freshwater:Lotic?format=csv"
"Drinking water","root:Environmental:Aquatic:Freshwater:Drinking water",148,"https://www.ebi.ac.uk/metagenomics/api/v1/biomes/root:Environmental:Aquatic:Freshwater:Drinking%20water?format=csv"
"Solid waste","root:Engineered:Solid waste",141,"https://www.ebi.ac.uk/metagenomics/api/v1/biomes/root:Engineered:Solid%20waste?format=csv"
"Permafrost","root:Environmental:Terrestrial:Soil:Permafrost",140,"https://www.ebi.ac.uk/metagenomics/api/v1/biomes/root:Environmental:Terrestrial:Soil:Permafrost?format=csv"
"Sediment","root:Environmental:Aquatic:Non-marine Saline and Alkaline:Alkaline:Sediment",139,"https://www.ebi.ac.uk/metagenomics/api/v1/biomes/root:Environmental:Aquatic:Non-marine%20Saline%20and%20Alkaline:Alkaline:Sediment?format=csv"
"Sand","root:Environmental:Terrestrial:Soil:Sand",138,"https://www.ebi.ac.uk/metagenomics/api/v1/biomes/root:Environmental:Terrestrial:Soil:Sand?format=csv"
"Foregut","root:Host-associated:Fish:Digestive system:Foregut",136,"https://www.ebi.ac.uk/metagenomics/api/v1/biomes/root:Host-associated:Fish:Digestive%20system:Foregut?format=csv"
"Oil-contaminated","root:Environmental:Terrestrial:Soil:Clay:Oil-contaminated",134,"https://www.ebi.ac.uk/metagenomics/api/v1/biomes/root:Environmental:Terrestrial:Soil:Clay:Oil-contaminated?format=csv"
"Brown Algae","root:Host-associated:Algae:Brown Algae",130,"https://www.ebi.ac.uk/metagenomics/api/v1/biomes/root:Host-associated:Algae:Brown%20Algae?format=csv"
"Hot (42-90C)","root:Environmental:Aquatic:Thermal springs:Hot (42-90C)",127,"https://www.ebi.ac.uk/metagenomics/api/v1/biomes/root:Environmental:Aquatic:Thermal%20springs:Hot%20(42-90C)?format=csv"
"Biogas plant","root:Engineered:Biogas plant",126,"https://www.ebi.ac.uk/metagenomics/api/v1/biomes/root:Engineered:Biogas%20plant?format=csv"
"Sediment","root:Environmental:Aquatic:Marine:Wetlands:Sediment",125,"https://www.ebi.ac.uk/metagenomics/api/v1/biomes/root:Environmental:Aquatic:Marine:Wetlands:Sediment?format=csv"
"Intertidal zone","root:Environmental:Aquatic:Marine:Intertidal zone",123,"https://www.ebi.ac.uk/metagenomics/api/v1/biomes/root:Environmental:Aquatic:Marine:Intertidal%20zone?format=csv"
"Amphibia","root:Host-associated:Amphibia",122,"https://www.ebi.ac.uk/metagenomics/api/v1/biomes/root:Host-associated:Amphibia?format=csv"
"Contaminated","root:Environmental:Terrestrial:Soil:Loam:Contaminated",121,"https://www.ebi.ac.uk/metagenomics/api/v1/biomes/root:Environmental:Terrestrial:Soil:Loam:Contaminated?format=csv"
"Naris","root:Host-associated:Human:Skin:Naris",120,"https://www.ebi.ac.uk/metagenomics/api/v1/biomes/root:Host-associated:Human:Skin:Naris?format=csv"
"Wet fermentation","root:Engineered:Biogas plant:Wet fermentation",111,"https://www.ebi.ac.uk/metagenomics/api/v1/biomes/root:Engineered:Biogas%20plant:Wet%20fermentation?format=csv"
"Wood","root:Engineered:Solid waste:Composting:Wood",111,"https://www.ebi.ac.uk/metagenomics/api/v1/biomes/root:Engineered:Solid%20waste:Composting:Wood?format=csv"
"Mollusca","root:Host-associated:Mollusca",107,"https://www.ebi.ac.uk/metagenomics/api/v1/biomes/root:Host-associated:Mollusca?format=csv"
"Salt crystallizer pond","root:Environmental:Aquatic:Non-marine Saline and Alkaline:Salt crystallizer pond",106,"https://www.ebi.ac.uk/metagenomics/api/v1/biomes/root:Environmental:Aquatic:Non-marine%20Saline%20and%20Alkaline:Salt%20crystallizer%20pond?format=csv"
"Swamp","root:Environmental:Aquatic:Freshwater:Wetlands:Swamp",106,"https://www.ebi.ac.uk/metagenomics/api/v1/biomes/root:Environmental:Aquatic:Freshwater:Wetlands:Swamp?format=csv"
"Respiratory system","root:Host-associated:Human:Respiratory system",105,"https://www.ebi.ac.uk/metagenomics/api/v1/biomes/root:Host-associated:Human:Respiratory%20system?format=csv"
"Glacial lake","root:Environmental:Aquatic:Freshwater:Ice:Glacial lake",99,"https://www.ebi.ac.uk/metagenomics/api/v1/biomes/root:Environmental:Aquatic:Freshwater:Ice:Glacial%20lake?format=csv"
"Modeled","root:Engineered:Modeled",99,"https://www.ebi.ac.uk/metagenomics/api/v1/biomes/root:Engineered:Modeled?format=csv"
"Sediment","root:Environmental:Aquatic:Freshwater:Pond:Sediment",94,"https://www.ebi.ac.uk/metagenomics/api/v1/biomes/root:Environmental:Aquatic:Freshwater:Pond:Sediment?format=csv"
"Delivery networks","root:Environmental:Aquatic:Freshwater:Drinking water:Delivery networks",94,"https://www.ebi.ac.uk/metagenomics/api/v1/biomes/root:Environmental:Aquatic:Freshwater:Drinking%20water:Delivery%20networks?format=csv"
"Wastewater","root:Engineered:Bioremediation:Terephthalate:Wastewater",92,"https://www.ebi.ac.uk/metagenomics/api/v1/biomes/root:Engineered:Bioremediation:Terephthalate:Wastewater?format=csv"
"Ice","root:Environmental:Aquatic:Freshwater:Ice",91,"https://www.ebi.ac.uk/metagenomics/api/v1/biomes/root:Environmental:Aquatic:Freshwater:Ice?format=csv"
"Air","root:Environmental:Air",86,"https://www.ebi.ac.uk/metagenomics/api/v1/biomes/root:Environmental:Air?format=csv"
"Geologic","root:Environmental:Terrestrial:Geologic",85,"https://www.ebi.ac.uk/metagenomics/api/v1/biomes/root:Environmental:Terrestrial:Geologic?format=csv"
"Sediment","root:Environmental:Aquatic:Marine:Hydrothermal vents:Sediment",85,"https://www.ebi.ac.uk/metagenomics/api/v1/biomes/root:Environmental:Aquatic:Marine:Hydrothermal%20vents:Sediment?format=csv"
"Midgut","root:Host-associated:Mammals:Digestive system:Midgut",82,"https://www.ebi.ac.uk/metagenomics/api/v1/biomes/root:Host-associated:Mammals:Digestive%20system:Midgut?format=csv"
"Defined media","root:Engineered:Lab enrichment:Defined media",80,"https://www.ebi.ac.uk/metagenomics/api/v1/biomes/root:Engineered:Lab%20enrichment:Defined%20media?format=csv"
"Mine water","root:Engineered:Wastewater:Industrial wastewater:Mine water",79,"https://www.ebi.ac.uk/metagenomics/api/v1/biomes/root:Engineered:Wastewater:Industrial%20wastewater:Mine%20water?format=csv"
"Low land river systems","root:Environmental:Aquatic:Freshwater:Lotic:Low land river systems",78,"https://www.ebi.ac.uk/metagenomics/api/v1/biomes/root:Environmental:Aquatic:Freshwater:Lotic:Low%20land%20river%20systems?format=csv"
"Aphotic zone","root:Environmental:Aquatic:Marine:Oceanic:Aphotic zone",76,"https://www.ebi.ac.uk/metagenomics/api/v1/biomes/root:Environmental:Aquatic:Marine:Oceanic:Aphotic%20zone?format=csv"
"Soil","root:Host-associated:Plants:Rhizoplane:Soil",75,"https://www.ebi.ac.uk/metagenomics/api/v1/biomes/root:Host-associated:Plants:Rhizoplane:Soil?format=csv"
"Neritic zone","root:Environmental:Aquatic:Marine:Neritic zone",74,"https://www.ebi.ac.uk/metagenomics/api/v1/biomes/root:Environmental:Aquatic:Marine:Neritic%20zone?format=csv"
"Agricultural","root:Environmental:Terrestrial:Soil:Loam:Agricultural",73,"https://www.ebi.ac.uk/metagenomics/api/v1/biomes/root:Environmental:Terrestrial:Soil:Loam:Agricultural?format=csv"
"Milk","root:Host-associated:Mammals:Milk",72,"https://www.ebi.ac.uk/metagenomics/api/v1/biomes/root:Host-associated:Mammals:Milk?format=csv"
"Non-marine Saline and Alkaline","root:Environmental:Aquatic:Non-marine Saline and Alkaline",71,"https://www.ebi.ac.uk/metagenomics/api/v1/biomes/root:Environmental:Aquatic:Non-marine%20Saline%20and%20Alkaline?format=csv"
"Estuary","root:Environmental:Aquatic:Estuary",70,"https://www.ebi.ac.uk/metagenomics/api/v1/biomes/root:Environmental:Aquatic:Estuary?format=csv"
"Gut","root:Host-associated:Arthropoda:Digestive system:Gut",69,"https://www.ebi.ac.uk/metagenomics/api/v1/biomes/root:Host-associated:Arthropoda:Digestive%20system:Gut?format=csv"
"Respiratory system","root:Host-associated:Birds:Respiratory system",67,"https://www.ebi.ac.uk/metagenomics/api/v1/biomes/root:Host-associated:Birds:Respiratory%20system?format=csv"
"Simulated communities (sequence read mixture)","root:Engineered:Modeled:Simulated communities (sequence read mixture)",67,"https://www.ebi.ac.uk/metagenomics/api/v1/biomes/root:Engineered:Modeled:Simulated%20communities%20(sequence%20read%20mixture)?format=csv"
"Hydrocarbon","root:Engineered:Bioremediation:Hydrocarbon",65,"https://www.ebi.ac.uk/metagenomics/api/v1/biomes/root:Engineered:Bioremediation:Hydrocarbon?format=csv"
"Brackish","root:Environmental:Aquatic:Lentic:Brackish",64,"https://www.ebi.ac.uk/metagenomics/api/v1/biomes/root:Environmental:Aquatic:Lentic:Brackish?format=csv"
"Sediment","root:Environmental:Aquatic:Marine:Cold seeps:Sediment",63,"https://www.ebi.ac.uk/metagenomics/api/v1/biomes/root:Environmental:Aquatic:Marine:Cold%20seeps:Sediment?format=csv"
"Storm water","root:Environmental:Aquatic:Freshwater:Storm water",63,"https://www.ebi.ac.uk/metagenomics/api/v1/biomes/root:Environmental:Aquatic:Freshwater:Storm%20water?format=csv"
"Environmental","root:Environmental",63,"https://www.ebi.ac.uk/metagenomics/api/v1/biomes/root:Environmental?format=csv"
"Anaerobic media","root:Engineered:Lab enrichment:Defined media:Anaerobic media",63,"https://www.ebi.ac.uk/metagenomics/api/v1/biomes/root:Engineered:Lab%20enrichment:Defined%20media:Anaerobic%20media?format=csv"
"Simulated communities (DNA mixture)","root:Engineered:Modeled:Simulated communities (DNA mixture)",59,"https://www.ebi.ac.uk/metagenomics/api/v1/biomes/root:Engineered:Modeled:Simulated%20communities%20(DNA%20mixture)?format=csv"
"Marsh","root:Environmental:Aquatic:Freshwater:Wetlands:Marsh",59,"https://www.ebi.ac.uk/metagenomics/api/v1/biomes/root:Environmental:Aquatic:Freshwater:Wetlands:Marsh?format=csv"
"Wetlands","root:Environmental:Terrestrial:Soil:Wetlands",59,"https://www.ebi.ac.uk/metagenomics/api/v1/biomes/root:Environmental:Terrestrial:Soil:Wetlands?format=csv"
"Persistent organic pollutants (POP)","root:Engineered:Bioremediation:Persistent organic pollutants (POP)",53,"https://www.ebi.ac.uk/metagenomics/api/v1/biomes/root:Engineered:Bioremediation:Persistent%20organic%20pollutants%20(POP)?format=csv"
"Marine media","root:Engineered:Lab enrichment:Defined media:Marine media",53,"https://www.ebi.ac.uk/metagenomics/api/v1/biomes/root:Engineered:Lab%20enrichment:Defined%20media:Marine%20media?format=csv"
"Acid Mine Drainage","root:Environmental:Aquatic:Freshwater:Groundwater:Acid Mine Drainage",52,"https://www.ebi.ac.uk/metagenomics/api/v1/biomes/root:Environmental:Aquatic:Freshwater:Groundwater:Acid%20Mine%20Drainage?format=csv"
"Agricultural field","root:Environmental:Terrestrial:Agricultural field",52,"https://www.ebi.ac.uk/metagenomics/api/v1/biomes/root:Environmental:Terrestrial:Agricultural%20field?format=csv"
"Loam","root:Environmental:Terrestrial:Soil:Loam",51,"https://www.ebi.ac.uk/metagenomics/api/v1/biomes/root:Environmental:Terrestrial:Soil:Loam?format=csv"
"Skin","root:Host-associated:Fish:Skin",51,"https://www.ebi.ac.uk/metagenomics/api/v1/biomes/root:Host-associated:Fish:Skin?format=csv"
"Hypersaline","root:Environmental:Aquatic:Non-marine Saline and Alkaline:Hypersaline",50,"https://www.ebi.ac.uk/metagenomics/api/v1/biomes/root:Environmental:Aquatic:Non-marine%20Saline%20and%20Alkaline:Hypersaline?format=csv"
"Mine","root:Environmental:Terrestrial:Soil:Mine",50,"https://www.ebi.ac.uk/metagenomics/api/v1/biomes/root:Environmental:Terrestrial:Soil:Mine?format=csv"
"Oil-contaminated sediments","root:Environmental:Aquatic:Marine:Oceanic:Oil-contaminated sediments",49,"https://www.ebi.ac.uk/metagenomics/api/v1/biomes/root:Environmental:Aquatic:Marine:Oceanic:Oil-contaminated%20sediments?format=csv"
"Bioremediation","root:Engineered:Bioremediation",49,"https://www.ebi.ac.uk/metagenomics/api/v1/biomes/root:Engineered:Bioremediation?format=csv"
"Dissolved organics (aerobic)","root:Engineered:Wastewater:Nutrient removal:Dissolved organics (aerobic)",48,"https://www.ebi.ac.uk/metagenomics/api/v1/biomes/root:Engineered:Wastewater:Nutrient%20removal:Dissolved%20organics%20(aerobic)?format=csv"
"Sediment","root:Environmental:Aquatic:Marine:Intertidal zone:Sediment",48,"https://www.ebi.ac.uk/metagenomics/api/v1/biomes/root:Environmental:Aquatic:Marine:Intertidal%20zone:Sediment?format=csv"
"Circulatory system","root:Host-associated:Human:Circulatory system",46,"https://www.ebi.ac.uk/metagenomics/api/v1/biomes/root:Host-associated:Human:Circulatory%20system?format=csv"
"Rock-dwelling (subaerial biofilm)","root:Environmental:Terrestrial:Rock-dwelling (subaerial biofilm)",45,"https://www.ebi.ac.uk/metagenomics/api/v1/biomes/root:Environmental:Terrestrial:Rock-dwelling%20(subaerial%20biofilm)?format=csv"
"Lentic","root:Environmental:Aquatic:Freshwater:Lentic",44,"https://www.ebi.ac.uk/metagenomics/api/v1/biomes/root:Environmental:Aquatic:Freshwater:Lentic?format=csv"
"Lentic","root:Environmental:Aquatic:Lentic",43,"https://www.ebi.ac.uk/metagenomics/api/v1/biomes/root:Environmental:Aquatic:Lentic?format=csv"
"Aquaculture","root:Environmental:Aquatic:Aquaculture",42,"https://www.ebi.ac.uk/metagenomics/api/v1/biomes/root:Environmental:Aquatic:Aquaculture?format=csv"
"Microbial mats","root:Environmental:Aquatic:Marine:Hydrothermal vents:Microbial mats",36,"https://www.ebi.ac.uk/metagenomics/api/v1/biomes/root:Environmental:Aquatic:Marine:Hydrothermal%20vents:Microbial%20mats?format=csv"
"Epiphytes","root:Host-associated:Plants:Rhizosphere:Epiphytes",36,"https://www.ebi.ac.uk/metagenomics/api/v1/biomes/root:Host-associated:Plants:Rhizosphere:Epiphytes?format=csv"
"Marine sediment inoculum","root:Engineered:Bioreactor:Continuous culture:Marine sediment inoculum",35,"https://www.ebi.ac.uk/metagenomics/api/v1/biomes/root:Engineered:Bioreactor:Continuous%20culture:Marine%20sediment%20inoculum?format=csv"
"Sediment","root:Environmental:Aquatic:Non-marine Saline and Alkaline:Hypersaline:Sediment",34,"https://www.ebi.ac.uk/metagenomics/api/v1/biomes/root:Environmental:Aquatic:Non-marine%20Saline%20and%20Alkaline:Hypersaline:Sediment?format=csv"
"Oil-contaminated","root:Environmental:Terrestrial:Soil:Sand:Oil-contaminated",32,"https://www.ebi.ac.uk/metagenomics/api/v1/biomes/root:Environmental:Terrestrial:Soil:Sand:Oil-contaminated?format=csv"
"Brackish","root:Environmental:Aquatic:Marine:Brackish",32,"https://www.ebi.ac.uk/metagenomics/api/v1/biomes/root:Environmental:Aquatic:Marine:Brackish?format=csv"
"Boreal forest","root:Environmental:Terrestrial:Soil:Boreal forest",30,"https://www.ebi.ac.uk/metagenomics/api/v1/biomes/root:Environmental:Terrestrial:Soil:Boreal%20forest?format=csv"
"Microbial mats","root:Environmental:Aquatic:Non-marine Saline and Alkaline:Saline:Microbial mats",30,"https://www.ebi.ac.uk/metagenomics/api/v1/biomes/root:Environmental:Aquatic:Non-marine%20Saline%20and%20Alkaline:Saline:Microbial%20mats?format=csv"
"Agricultural land","root:Environmental:Terrestrial:Soil:Crop:Agricultural land",30,"https://www.ebi.ac.uk/metagenomics/api/v1/biomes/root:Environmental:Terrestrial:Soil:Crop:Agricultural%20land?format=csv"
"Genetic cross","root:Engineered:Lab Synthesis:Genetic cross",26,"https://www.ebi.ac.uk/metagenomics/api/v1/biomes/root:Engineered:Lab%20Synthesis:Genetic%20cross?format=csv"
"Fermented seafood","root:Engineered:Food production:Fermented seafood",26,"https://www.ebi.ac.uk/metagenomics/api/v1/biomes/root:Engineered:Food%20production:Fermented%20seafood?format=csv"
"Mixed alcohol bioreactor","root:Engineered:Biotransformation:Mixed alcohol bioreactor",25,"https://www.ebi.ac.uk/metagenomics/api/v1/biomes/root:Engineered:Biotransformation:Mixed%20alcohol%20bioreactor?format=csv"
"Marine intertidal flat sediment inoculum","root:Engineered:Bioreactor:Continuous culture:Marine intertidal flat sediment inoculum",23,"https://www.ebi.ac.uk/metagenomics/api/v1/biomes/root:Engineered:Bioreactor:Continuous%20culture:Marine%20intertidal%20flat%20sediment%20inoculum?format=csv"
"Hindgut","root:Host-associated:Human:Digestive system:Hindgut",20,"https://www.ebi.ac.uk/metagenomics/api/v1/biomes/root:Host-associated:Human:Digestive%20system:Hindgut?format=csv"
"Gills","root:Host-associated:Arthropoda:Respiratory system:Gills",20,"https://www.ebi.ac.uk/metagenomics/api/v1/biomes/root:Host-associated:Arthropoda:Respiratory%20system:Gills?format=csv"
"Diffuse flow","root:Environmental:Aquatic:Marine:Hydrothermal vents:Diffuse flow",19,"https://www.ebi.ac.uk/metagenomics/api/v1/biomes/root:Environmental:Aquatic:Marine:Hydrothermal%20vents:Diffuse%20flow?format=csv"
"Clay","root:Environmental:Terrestrial:Soil:Clay",19,"https://www.ebi.ac.uk/metagenomics/api/v1/biomes/root:Environmental:Terrestrial:Soil:Clay?format=csv"
"Blood","root:Host-associated:Mammals:Circulatory system:Blood",19,"https://www.ebi.ac.uk/metagenomics/api/v1/biomes/root:Host-associated:Mammals:Circulatory%20system:Blood?format=csv"
"Echinodermata","root:Host-associated:Invertebrates:Echinodermata",18,"https://www.ebi.ac.uk/metagenomics/api/v1/biomes/root:Host-associated:Invertebrates:Echinodermata?format=csv"
"Sediment","root:Environmental:Aquatic:Thermal springs:Sediment",17,"https://www.ebi.ac.uk/metagenomics/api/v1/biomes/root:Environmental:Aquatic:Thermal%20springs:Sediment?format=csv"
"Outdoor Air","root:Environmental:Air:Outdoor Air",17,"https://www.ebi.ac.uk/metagenomics/api/v1/biomes/root:Environmental:Air:Outdoor%20Air?format=csv"
"Activated sludge","root:Engineered:Wastewater:Nutrient removal:Biological phosphorus removal:Activated sludge",17,"https://www.ebi.ac.uk/metagenomics/api/v1/biomes/root:Engineered:Wastewater:Nutrient%20removal:Biological%20phosphorus%20removal:Activated%20sludge?format=csv"
"Petrochemical","root:Engineered:Wastewater:Industrial wastewater:Petrochemical",16,"https://www.ebi.ac.uk/metagenomics/api/v1/biomes/root:Engineered:Wastewater:Industrial%20wastewater:Petrochemical?format=csv"
"Volcanic","root:Environmental:Terrestrial:Volcanic",16,"https://www.ebi.ac.uk/metagenomics/api/v1/biomes/root:Environmental:Terrestrial:Volcanic?format=csv"
"Saline","root:Environmental:Aquatic:Non-marine Saline and Alkaline:Saline",14,"https://www.ebi.ac.uk/metagenomics/api/v1/biomes/root:Environmental:Aquatic:Non-marine%20Saline%20and%20Alkaline:Saline?format=csv"
"Brain","root:Host-associated:Mammals:Nervous system:Brain",14,"https://www.ebi.ac.uk/metagenomics/api/v1/biomes/root:Host-associated:Mammals:Nervous%20system:Brain?format=csv"
"Biotransformation","root:Engineered:Biotransformation",13,"https://www.ebi.ac.uk/metagenomics/api/v1/biomes/root:Engineered:Biotransformation?format=csv"
"Industrial production","root:Engineered:Industrial production",13,"https://www.ebi.ac.uk/metagenomics/api/v1/biomes/root:Engineered:Industrial%20production?format=csv"
"Hindgut","root:Host-associated:Arthropoda:Digestive system:Hindgut",13,"https://www.ebi.ac.uk/metagenomics/api/v1/biomes/root:Host-associated:Arthropoda:Digestive%20system:Hindgut?format=csv"
"Solid animal waste","root:Engineered:Solid waste:Solid animal waste",12,"https://www.ebi.ac.uk/metagenomics/api/v1/biomes/root:Engineered:Solid%20waste:Solid%20animal%20waste?format=csv"
"Pond","root:Environmental:Aquatic:Freshwater:Pond",12,"https://www.ebi.ac.uk/metagenomics/api/v1/biomes/root:Environmental:Aquatic:Freshwater:Pond?format=csv"
"Oil reservoir","root:Environmental:Terrestrial:Oil reservoir",12,"https://www.ebi.ac.uk/metagenomics/api/v1/biomes/root:Environmental:Terrestrial:Oil%20reservoir?format=csv"
"Foregut","root:Host-associated:Mammals:Digestive system:Foregut",12,"https://www.ebi.ac.uk/metagenomics/api/v1/biomes/root:Host-associated:Mammals:Digestive%20system:Foregut?format=csv"
"Silage fermentation","root:Engineered:Food production:Silage fermentation",12,"https://www.ebi.ac.uk/metagenomics/api/v1/biomes/root:Engineered:Food%20production:Silage%20fermentation?format=csv"
"Mine drainage","root:Environmental:Aquatic:Freshwater:Groundwater:Mine drainage",12,"https://www.ebi.ac.uk/metagenomics/api/v1/biomes/root:Environmental:Aquatic:Freshwater:Groundwater:Mine%20drainage?format=csv"
"Uranium contaminated","root:Environmental:Terrestrial:Soil:Uranium contaminated",11,"https://www.ebi.ac.uk/metagenomics/api/v1/biomes/root:Environmental:Terrestrial:Soil:Uranium%20contaminated?format=csv"
"Oral cavity","root:Host-associated:Reptile:Oral cavity",11,"https://www.ebi.ac.uk/metagenomics/api/v1/biomes/root:Host-associated:Reptile:Oral%20cavity?format=csv"
"Milk","root:Host-associated:Human:Milk",10,"https://www.ebi.ac.uk/metagenomics/api/v1/biomes/root:Host-associated:Human:Milk?format=csv"
"Periodontal pockets","root:Host-associated:Human:Digestive system:Oral:Periodontal pockets",10,"https://www.ebi.ac.uk/metagenomics/api/v1/biomes/root:Host-associated:Human:Digestive%20system:Oral:Periodontal%20pockets?format=csv"
"Protists","root:Host-associated:Protists",10,"https://www.ebi.ac.uk/metagenomics/api/v1/biomes/root:Host-associated:Protists?format=csv"
"Drainage pipe biofilm","root:Environmental:Aquatic:Freshwater:Storm water:Drainage pipe biofilm",9,"https://www.ebi.ac.uk/metagenomics/api/v1/biomes/root:Environmental:Aquatic:Freshwater:Storm%20water:Drainage%20pipe%20biofilm?format=csv"
"Red algae","root:Host-associated:Algae:Red algae",9,"https://www.ebi.ac.uk/metagenomics/api/v1/biomes/root:Host-associated:Algae:Red%20algae?format=csv"
"Silt","root:Environmental:Terrestrial:Soil:Silt",9,"https://www.ebi.ac.uk/metagenomics/api/v1/biomes/root:Environmental:Terrestrial:Soil:Silt?format=csv"
"Wadden Sea-Germany","root:Engineered:Bioreactor:Continuous culture:Marine sediment inoculum:Wadden Sea-Germany",8,"https://www.ebi.ac.uk/metagenomics/api/v1/biomes/root:Engineered:Bioreactor:Continuous%20culture:Marine%20sediment%20inoculum:Wadden%20Sea-Germany?format=csv"
"Microbial enhanced oil recovery","root:Engineered:Biotransformation:Microbial enhanced oil recovery",8,"https://www.ebi.ac.uk/metagenomics/api/v1/biomes/root:Engineered:Biotransformation:Microbial%20enhanced%20oil%20recovery?format=csv"
"Cnidaria","root:Host-associated:Invertebrates:Cnidaria",7,"https://www.ebi.ac.uk/metagenomics/api/v1/biomes/root:Host-associated:Invertebrates:Cnidaria?format=csv"
"Cave water","root:Environmental:Aquatic:Freshwater:Groundwater:Cave water",7,"https://www.ebi.ac.uk/metagenomics/api/v1/biomes/root:Environmental:Aquatic:Freshwater:Groundwater:Cave%20water?format=csv"
"Saliva","root:Host-associated:Arthropoda:Digestive system:Oral:Saliva",7,"https://www.ebi.ac.uk/metagenomics/api/v1/biomes/root:Host-associated:Arthropoda:Digestive%20system:Oral:Saliva?format=csv"
"Wetlands","root:Environmental:Aquatic:Marine:Wetlands",6,"https://www.ebi.ac.uk/metagenomics/api/v1/biomes/root:Environmental:Aquatic:Marine:Wetlands?format=csv"
"Respiratory system","root:Host-associated:Mollusca:Respiratory system",6,"https://www.ebi.ac.uk/metagenomics/api/v1/biomes/root:Host-associated:Mollusca:Respiratory%20system?format=csv"
"Bacteria","root:Host-associated:Microbial:Bacteria",6,"https://www.ebi.ac.uk/metagenomics/api/v1/biomes/root:Host-associated:Microbial:Bacteria?format=csv"
"Sediment","root:Environmental:Aquatic:Marine:Neritic zone:Sediment",5,"https://www.ebi.ac.uk/metagenomics/api/v1/biomes/root:Environmental:Aquatic:Marine:Neritic%20zone:Sediment?format=csv"
"Microbialites","root:Environmental:Aquatic:Marine:Intertidal zone:Microbialites",5,"https://www.ebi.ac.uk/metagenomics/api/v1/biomes/root:Environmental:Aquatic:Marine:Intertidal%20zone:Microbialites?format=csv"
"Microbial mats","root:Environmental:Aquatic:Freshwater:Lotic:Microbial mats",5,"https://www.ebi.ac.uk/metagenomics/api/v1/biomes/root:Environmental:Aquatic:Freshwater:Lotic:Microbial%20mats?format=csv"
"Wadden Sea-Germany","root:Engineered:Bioreactor:Continuous culture:Marine intertidal flat sediment inoculum:Wadden Sea-Germany",5,"https://www.ebi.ac.uk/metagenomics/api/v1/biomes/root:Engineered:Bioreactor:Continuous%20culture:Marine%20intertidal%20flat%20sediment%20inoculum:Wadden%20Sea-Germany?format=csv"
"Microbial mats","root:Environmental:Aquatic:Non-marine Saline and Alkaline:Hypersaline:Microbial mats",5,"https://www.ebi.ac.uk/metagenomics/api/v1/biomes/root:Environmental:Aquatic:Non-marine%20Saline%20and%20Alkaline:Hypersaline:Microbial%20mats?format=csv"
"Desert","root:Environmental:Terrestrial:Soil:Sand:Desert",4,"https://www.ebi.ac.uk/metagenomics/api/v1/biomes/root:Environmental:Terrestrial:Soil:Sand:Desert?format=csv"
"Buccal mucosa","root:Host-associated:Mammals:Digestive system:Oral cavity:Buccal mucosa",4,"https://www.ebi.ac.uk/metagenomics/api/v1/biomes/root:Host-associated:Mammals:Digestive%20system:Oral%20cavity:Buccal%20mucosa?format=csv"
"Permafrost","root:Environmental:Terrestrial:Soil:Wetlands:Permafrost",4,"https://www.ebi.ac.uk/metagenomics/api/v1/biomes/root:Environmental:Terrestrial:Soil:Wetlands:Permafrost?format=csv"
"Bioreactor","root:Engineered:Bioremediation:Terephthalate:Wastewater:Bioreactor",4,"https://www.ebi.ac.uk/metagenomics/api/v1/biomes/root:Engineered:Bioremediation:Terephthalate:Wastewater:Bioreactor?format=csv"
"Annelida","root:Host-associated:Annelida",4,"https://www.ebi.ac.uk/metagenomics/api/v1/biomes/root:Host-associated:Annelida?format=csv"
"Spiralia","root:Host-associated:Spiralia",4,"https://www.ebi.ac.uk/metagenomics/api/v1/biomes/root:Host-associated:Spiralia?format=csv"
"Near-boiling (>90C)","root:Environmental:Aquatic:Thermal springs:Near-boiling (>90C)",3,"https://www.ebi.ac.uk/metagenomics/api/v1/biomes/root:Environmental:Aquatic:Thermal%20springs:Near-boiling%20(%3E90C)?format=csv"
"Grass","root:Engineered:Solid waste:Composting:Grass",3,"https://www.ebi.ac.uk/metagenomics/api/v1/biomes/root:Engineered:Solid%20waste:Composting:Grass?format=csv"
"Control","root:Control",3,"https://www.ebi.ac.uk/metagenomics/api/v1/biomes/root:Control?format=csv"
"Stomach","root:Host-associated:Mammals:Digestive system:Stomach",3,"https://www.ebi.ac.uk/metagenomics/api/v1/biomes/root:Host-associated:Mammals:Digestive%20system:Stomach?format=csv"
"Black smokers","root:Environmental:Aquatic:Marine:Hydrothermal vents:Black smokers",3,"https://www.ebi.ac.uk/metagenomics/api/v1/biomes/root:Environmental:Aquatic:Marine:Hydrothermal%20vents:Black%20smokers?format=csv"
"Invertebrates","root:Host-associated:Invertebrates",2,"https://www.ebi.ac.uk/metagenomics/api/v1/biomes/root:Host-associated:Invertebrates?format=csv"
"Epiphytes","root:Host-associated:Plants:Phylloplane:Epiphytes",2,"https://www.ebi.ac.uk/metagenomics/api/v1/biomes/root:Host-associated:Plants:Phylloplane:Epiphytes?format=csv"
"Wetlands","root:Environmental:Aquatic:Freshwater:Wetlands",2,"https://www.ebi.ac.uk/metagenomics/api/v1/biomes/root:Environmental:Aquatic:Freshwater:Wetlands?format=csv"
"Bioreactor","root:Engineered:Solid waste:Composting:Bioreactor",2,"https://www.ebi.ac.uk/metagenomics/api/v1/biomes/root:Engineered:Solid%20waste:Composting:Bioreactor?format=csv"
"Alkaline","root:Environmental:Aquatic:Thermal springs:Near-boiling (>90C):Alkaline",2,"https://www.ebi.ac.uk/metagenomics/api/v1/biomes/root:Environmental:Aquatic:Thermal%20springs:Near-boiling%20(%3E90C):Alkaline?format=csv"
"Oil seeps","root:Environmental:Aquatic:Marine:Oil seeps",2,"https://www.ebi.ac.uk/metagenomics/api/v1/biomes/root:Environmental:Aquatic:Marine:Oil%20seeps?format=csv"
"Bioreactor","root:Engineered:Bioremediation:Hydrocarbon:Benzene:Bioreactor",2,"https://www.ebi.ac.uk/metagenomics/api/v1/biomes/root:Engineered:Bioremediation:Hydrocarbon:Benzene:Bioreactor?format=csv"
"Microbial mats","root:Environmental:Aquatic:Non-marine Saline and Alkaline:Alkaline:Microbial mats",2,"https://www.ebi.ac.uk/metagenomics/api/v1/biomes/root:Environmental:Aquatic:Non-marine%20Saline%20and%20Alkaline:Alkaline:Microbial%20mats?format=csv"
"Digestive system","root:Host-associated:Annelida:Digestive system",1,"https://www.ebi.ac.uk/metagenomics/api/v1/biomes/root:Host-associated:Annelida:Digestive%20system?format=csv"
"bore hole","root:Environmental:Aquatic:Marine:Oil field:bore hole",1,"https://www.ebi.ac.uk/metagenomics/api/v1/biomes/root:Environmental:Aquatic:Marine:Oil%20field:bore%20hole?format=csv"
"Mine drainage","root:Environmental:Terrestrial:Soil:Mine drainage",1,"https://www.ebi.ac.uk/metagenomics/api/v1/biomes/root:Environmental:Terrestrial:Soil:Mine%20drainage?format=csv"
"Ascidians","root:Host-associated:Tunicates:Ascidians",1,"https://www.ebi.ac.uk/metagenomics/api/v1/biomes/root:Host-associated:Tunicates:Ascidians?format=csv"
"Microbial","root:Host-associated:Microbial",1,"https://www.ebi.ac.uk/metagenomics/api/v1/biomes/root:Host-associated:Microbial?format=csv"
"Oral","root:Host-associated:Arthropoda:Digestive system:Oral",1,"https://www.ebi.ac.uk/metagenomics/api/v1/biomes/root:Host-associated:Arthropoda:Digestive%20system:Oral?format=csv"
"Volcanic","root:Environmental:Aquatic:Marine:Volcanic",1,"https://www.ebi.ac.uk/metagenomics/api/v1/biomes/root:Environmental:Aquatic:Marine:Volcanic?format=csv"
"Glands","root:Host-associated:Mollusca:Digestive system:Glands",1,"https://www.ebi.ac.uk/metagenomics/api/v1/biomes/root:Host-associated:Mollusca:Digestive%20system:Glands?format=csv"
"Sediment","root:Environmental:Aquatic:Thermal springs:Hot (42-90C):Sediment",1,"https://www.ebi.ac.uk/metagenomics/api/v1/biomes/root:Environmental:Aquatic:Thermal%20springs:Hot%20(42-90C):Sediment?format=csv"
"Mid stream","root:Environmental:Aquatic:Freshwater:Lotic:Mid stream",1,"https://www.ebi.ac.uk/metagenomics/api/v1/biomes/root:Environmental:Aquatic:Freshwater:Lotic:Mid%20stream?format=csv"
"Acidic","root:Environmental:Aquatic:Freshwater:Lotic:Acidic",1,"https://www.ebi.ac.uk/metagenomics/api/v1/biomes/root:Environmental:Aquatic:Freshwater:Lotic:Acidic?format=csv"
"Protozoa","root:Host-associated:Protozoa",1,"https://www.ebi.ac.uk/metagenomics/api/v1/biomes/root:Host-associated:Protozoa?format=csv"
"Nitrogen removal","root:Engineered:Wastewater:Nutrient removal:Nitrogen removal",1,"https://www.ebi.ac.uk/metagenomics/api/v1/biomes/root:Engineered:Wastewater:Nutrient%20removal:Nitrogen%20removal?format=csv"
"Landfill","root:Engineered:Solid waste:Landfill",1,"https://www.ebi.ac.uk/metagenomics/api/v1/biomes/root:Engineered:Solid%20waste:Landfill?format=csv"
"Alkaline","root:Environmental:Aquatic:Non-marine Saline and Alkaline:Alkaline",1,"https://www.ebi.ac.uk/metagenomics/api/v1/biomes/root:Environmental:Aquatic:Non-marine%20Saline%20and%20Alkaline:Alkaline?format=csv"
"Excretory system","root:Host-associated:Mammals:Excretory system",1,"https://www.ebi.ac.uk/metagenomics/api/v1/biomes/root:Host-associated:Mammals:Excretory%20system?format=csv"
"Reproductive system","root:Host-associated:Human:Reproductive system",0,"https://www.ebi.ac.uk/metagenomics/api/v1/biomes/root:Host-associated:Human:Reproductive%20system?format=csv"
"Intracellular","root:Host-associated:Mollusca:Respiratory system:Gills:Intracellular",0,"https://www.ebi.ac.uk/metagenomics/api/v1/biomes/root:Host-associated:Mollusca:Respiratory%20system:Gills:Intracellular?format=csv"
"Tepid (25-34C)","root:Environmental:Aquatic:Thermal springs:Tepid (25-34C)",0,"https://www.ebi.ac.uk/metagenomics/api/v1/biomes/root:Environmental:Aquatic:Thermal%20springs:Tepid%20(25-34C)?format=csv"
"Subcuticular space","root:Host-associated:Annelida:Integument:Subcuticular space",0,"https://www.ebi.ac.uk/metagenomics/api/v1/biomes/root:Host-associated:Annelida:Integument:Subcuticular%20space?format=csv"
"Viriome","root:Environmental:Terrestrial:Soil:Viriome",0,"https://www.ebi.ac.uk/metagenomics/api/v1/biomes/root:Environmental:Terrestrial:Soil:Viriome?format=csv"
"Duodenal","root:Host-associated:Birds:Digestive system:Small intestine:Duodenal",0,"https://www.ebi.ac.uk/metagenomics/api/v1/biomes/root:Host-associated:Birds:Digestive%20system:Small%20intestine:Duodenal?format=csv"
"Tetrachloroethylene and derivatives","root:Engineered:Bioremediation:Tetrachloroethylene and derivatives",0,"https://www.ebi.ac.uk/metagenomics/api/v1/biomes/root:Engineered:Bioremediation:Tetrachloroethylene%20and%20derivatives?format=csv"
"Sea Urchin","root:Host-associated:Invertebrates:Echinodermata:Sea Urchin",0,"https://www.ebi.ac.uk/metagenomics/api/v1/biomes/root:Host-associated:Invertebrates:Echinodermata:Sea%20Urchin?format=csv"
"Integument","root:Host-associated:Annelida:Integument",0,"https://www.ebi.ac.uk/metagenomics/api/v1/biomes/root:Host-associated:Annelida:Integument?format=csv"
"Chlorinated","root:Environmental:Aquatic:Freshwater:Drinking water:Chlorinated",0,"https://www.ebi.ac.uk/metagenomics/api/v1/biomes/root:Environmental:Aquatic:Freshwater:Drinking%20water:Chlorinated?format=csv"
"Shrubland","root:Environmental:Terrestrial:Soil:Shrubland",0,"https://www.ebi.ac.uk/metagenomics/api/v1/biomes/root:Environmental:Terrestrial:Soil:Shrubland?format=csv"
"Ceca","root:Host-associated:Mollusca:Digestive system:Ceca",0,"https://www.ebi.ac.uk/metagenomics/api/v1/biomes/root:Host-associated:Mollusca:Digestive%20system:Ceca?format=csv"
"Alkaline","root:Environmental:Aquatic:Thermal springs:Hot (42-90C):Alkaline",0,"https://www.ebi.ac.uk/metagenomics/api/v1/biomes/root:Environmental:Aquatic:Thermal%20springs:Hot%20(42-90C):Alkaline?format=csv"
"Crop","root:Host-associated:Birds:Digestive system:Crop",0,"https://www.ebi.ac.uk/metagenomics/api/v1/biomes/root:Host-associated:Birds:Digestive%20system:Crop?format=csv"
"Nervous system","root:Host-associated:Mammals:Nervous system",0,"https://www.ebi.ac.uk/metagenomics/api/v1/biomes/root:Host-associated:Mammals:Nervous%20system?format=csv"
"Bone","root:Host-associated:Human:Fossil:Bone",0,"https://www.ebi.ac.uk/metagenomics/api/v1/biomes/root:Host-associated:Human:Fossil:Bone?format=csv"
"Respiratory system","root:Host-associated:Animal:Respiratory system",0,"https://www.ebi.ac.uk/metagenomics/api/v1/biomes/root:Host-associated:Animal:Respiratory%20system?format=csv"
"Algoconsortia","root:Engineered:Lab enrichment:Defined media:Marine media:Algoconsortia",0,"https://www.ebi.ac.uk/metagenomics/api/v1/biomes/root:Engineered:Lab%20enrichment:Defined%20media:Marine%20media:Algoconsortia?format=csv"
"Benzene","root:Engineered:Bioremediation:Hydrocarbon:Benzene",0,"https://www.ebi.ac.uk/metagenomics/api/v1/biomes/root:Engineered:Bioremediation:Hydrocarbon:Benzene?format=csv"
"Lymphatic","root:Host-associated:Mammals:Lymphatic",0,"https://www.ebi.ac.uk/metagenomics/api/v1/biomes/root:Host-associated:Mammals:Lymphatic?format=csv"
"Volar forearm","root:Host-associated:Human:Skin:Volar forearm",0,"https://www.ebi.ac.uk/metagenomics/api/v1/biomes/root:Host-associated:Human:Skin:Volar%20forearm?format=csv"
"Venom","root:Host-associated:Reptile:Oral cavity:Venom gland:Venom",0,"https://www.ebi.ac.uk/metagenomics/api/v1/biomes/root:Host-associated:Reptile:Oral%20cavity:Venom%20gland:Venom?format=csv"
"Endosymbionts","root:Host-associated:Microbial:Dinoflagellates:Endosymbionts",0,"https://www.ebi.ac.uk/metagenomics/api/v1/biomes/root:Host-associated:Microbial:Dinoflagellates:Endosymbionts?format=csv"
"Bone","root:Host-associated:Animal:Fossil:Bone",0,"https://www.ebi.ac.uk/metagenomics/api/v1/biomes/root:Host-associated:Animal:Fossil:Bone?format=csv"
"Slime","root:Host-associated:Fish:Skin:Slime",0,"https://www.ebi.ac.uk/metagenomics/api/v1/biomes/root:Host-associated:Fish:Skin:Slime?format=csv"
"Aerobic media","root:Engineered:Lab enrichment:Defined media:Aerobic media",0,"https://www.ebi.ac.uk/metagenomics/api/v1/biomes/root:Engineered:Lab%20enrichment:Defined%20media:Aerobic%20media?format=csv"
"Beach","root:Environmental:Aquatic:Marine:Intertidal zone:Beach",0,"https://www.ebi.ac.uk/metagenomics/api/v1/biomes/root:Environmental:Aquatic:Marine:Intertidal%20zone:Beach?format=csv"
"Nutrient removal","root:Engineered:Wastewater:Nutrient removal",0,"https://www.ebi.ac.uk/metagenomics/api/v1/biomes/root:Engineered:Wastewater:Nutrient%20removal?format=csv"
"Anammox","root:Engineered:Wastewater:Nutrient removal:Nitrogen removal:Anammox",0,"https://www.ebi.ac.uk/metagenomics/api/v1/biomes/root:Engineered:Wastewater:Nutrient%20removal:Nitrogen%20removal:Anammox?format=csv"
"Kidneys","root:Host-associated:Fish:Excretory system:Kidneys",0,"https://www.ebi.ac.uk/metagenomics/api/v1/biomes/root:Host-associated:Fish:Excretory%20system:Kidneys?format=csv"
"Engineered product","root:Engineered:Industrial production:Engineered product",0,"https://www.ebi.ac.uk/metagenomics/api/v1/biomes/root:Engineered:Industrial%20production:Engineered%20product?format=csv"
"Garden dump","root:Host-associated:Arthropoda:Symbiotic fungal gardens and galleries:Fungus garden:Garden dump",0,"https://www.ebi.ac.uk/metagenomics/api/v1/biomes/root:Host-associated:Arthropoda:Symbiotic%20fungal%20gardens%20and%20galleries:Fungus%20garden:Garden%20dump?format=csv"
"Axilla","root:Host-associated:Human:Skin:Axilla",0,"https://www.ebi.ac.uk/metagenomics/api/v1/biomes/root:Host-associated:Human:Skin:Axilla?format=csv"
"Agricultural land","root:Environmental:Terrestrial:Soil:Clay:Agricultural land",0,"https://www.ebi.ac.uk/metagenomics/api/v1/biomes/root:Environmental:Terrestrial:Soil:Clay:Agricultural%20land?format=csv"
"Excretory system","root:Host-associated:Amphibia:Excretory system",0,"https://www.ebi.ac.uk/metagenomics/api/v1/biomes/root:Host-associated:Amphibia:Excretory%20system?format=csv"
"Uncharacterized","root:Host-associated:Fish:Digestive system:Foregut:Uncharacterized",0,"https://www.ebi.ac.uk/metagenomics/api/v1/biomes/root:Host-associated:Fish:Digestive%20system:Foregut:Uncharacterized?format=csv"
"Symbiotic fungal gardens and galleries","root:Host-associated:Arthropoda:Symbiotic fungal gardens and galleries",0,"https://www.ebi.ac.uk/metagenomics/api/v1/biomes/root:Host-associated:Arthropoda:Symbiotic%20fungal%20gardens%20and%20galleries?format=csv"
"P1 segment","root:Host-associated:Arthropoda:Digestive system:Hindgut:P1 segment",0,"https://www.ebi.ac.uk/metagenomics/api/v1/biomes/root:Host-associated:Arthropoda:Digestive%20system:Hindgut:P1%20segment?format=csv"
"Hypolimnion","root:Environmental:Aquatic:Freshwater:Lentic:Hypolimnion",0,"https://www.ebi.ac.uk/metagenomics/api/v1/biomes/root:Environmental:Aquatic:Freshwater:Lentic:Hypolimnion?format=csv"
"Athalassic","root:Environmental:Aquatic:Non-marine Saline and Alkaline:Saline:Athalassic",0,"https://www.ebi.ac.uk/metagenomics/api/v1/biomes/root:Environmental:Aquatic:Non-marine%20Saline%20and%20Alkaline:Saline:Athalassic?format=csv"
"Blood","root:Host-associated:Fish:Circulatory system:Blood",0,"https://www.ebi.ac.uk/metagenomics/api/v1/biomes/root:Host-associated:Fish:Circulatory%20system:Blood?format=csv"
"Oral cavity","root:Host-associated:Arthropoda:Oral cavity",0,"https://www.ebi.ac.uk/metagenomics/api/v1/biomes/root:Host-associated:Arthropoda:Oral%20cavity?format=csv"
"P3 segment","root:Host-associated:Arthropoda:Digestive system:Gut:P3 segment",0,"https://www.ebi.ac.uk/metagenomics/api/v1/biomes/root:Host-associated:Arthropoda:Digestive%20system:Gut:P3%20segment?format=csv"
"Excretory system","root:Host-associated:Human:Excretory system",0,"https://www.ebi.ac.uk/metagenomics/api/v1/biomes/root:Host-associated:Human:Excretory%20system?format=csv"
"Near-boiling (>90C)","root:Environmental:Aquatic:Non-marine Saline and Alkaline:Near-boiling (>90C)",0,"https://www.ebi.ac.uk/metagenomics/api/v1/biomes/root:Environmental:Aquatic:Non-marine%20Saline%20and%20Alkaline:Near-boiling%20(%3E90C)?format=csv"
"Ectosymbionts ","root:Host-associated:Algae:Red algae:Ectosymbionts ",0,"https://www.ebi.ac.uk/metagenomics/api/v1/biomes/root:Host-associated:Algae:Red%20algae:Ectosymbionts%20?format=csv"
"Primary","root:Host-associated:Arthropoda:Intracellular endosymbionts:Primary",0,"https://www.ebi.ac.uk/metagenomics/api/v1/biomes/root:Host-associated:Arthropoda:Intracellular%20endosymbionts:Primary?format=csv"
"anterior nares","root:Host-associated:Human:Respiratory system:Nasopharyngeal:anterior nares",0,"https://www.ebi.ac.uk/metagenomics/api/v1/biomes/root:Host-associated:Human:Respiratory%20system:Nasopharyngeal:anterior%20nares?format=csv"
"Rhizoplane","root:Host-associated:Plants:Rhizoplane",0,"https://www.ebi.ac.uk/metagenomics/api/v1/biomes/root:Host-associated:Plants:Rhizoplane?format=csv"
"Tar","root:Environmental:Terrestrial:Asphalt lakes:Tar",0,"https://www.ebi.ac.uk/metagenomics/api/v1/biomes/root:Environmental:Terrestrial:Asphalt%20lakes:Tar?format=csv"
"Digestive system","root:Host-associated:Arthropoda:Digestive system",0,"https://www.ebi.ac.uk/metagenomics/api/v1/biomes/root:Host-associated:Arthropoda:Digestive%20system?format=csv"
"Green algae","root:Host-associated:Algae:Green algae",0,"https://www.ebi.ac.uk/metagenomics/api/v1/biomes/root:Host-associated:Algae:Green%20algae?format=csv"
"Endosymbionts","root:Host-associated:Endosymbionts:Fungi:Endosymbionts",0,"https://www.ebi.ac.uk/metagenomics/api/v1/biomes/root:Host-associated:Endosymbionts:Fungi:Endosymbionts?format=csv"
"Cuticle","root:Host-associated:Arthropoda:Integument:Cuticle",0,"https://www.ebi.ac.uk/metagenomics/api/v1/biomes/root:Host-associated:Arthropoda:Integument:Cuticle?format=csv"
"Terrestrial","root:Environmental:Terrestrial",0,"https://www.ebi.ac.uk/metagenomics/api/v1/biomes/root:Environmental:Terrestrial?format=csv"
"Egg capsule","root:Host-associated:Annelida:Reproductive system:Egg capsule",0,"https://www.ebi.ac.uk/metagenomics/api/v1/biomes/root:Host-associated:Annelida:Reproductive%20system:Egg%20capsule?format=csv"
"Mine","root:Environmental:Aquatic:Freshwater:Groundwater:Mine",0,"https://www.ebi.ac.uk/metagenomics/api/v1/biomes/root:Environmental:Aquatic:Freshwater:Groundwater:Mine?format=csv"
"Carbonate","root:Environmental:Aquatic:Non-marine Saline and Alkaline:Alkaline:Carbonate",0,"https://www.ebi.ac.uk/metagenomics/api/v1/biomes/root:Environmental:Aquatic:Non-marine%20Saline%20and%20Alkaline:Alkaline:Carbonate?format=csv"
"Echinodermata","root:Host-associated:Echinodermata",0,"https://www.ebi.ac.uk/metagenomics/api/v1/biomes/root:Host-associated:Echinodermata?format=csv"
"Warm (34-42C)","root:Environmental:Aquatic:Thermal springs:Warm (34-42C)",0,"https://www.ebi.ac.uk/metagenomics/api/v1/biomes/root:Environmental:Aquatic:Thermal%20springs:Warm%20(34-42C)?format=csv"
"Intracellular endosymbionts","root:Host-associated:Annelida:Intracellular endosymbionts",0,"https://www.ebi.ac.uk/metagenomics/api/v1/biomes/root:Host-associated:Annelida:Intracellular%20endosymbionts?format=csv"
"Meromictic lake","root:Environmental:Aquatic:Meromictic lake",0,"https://www.ebi.ac.uk/metagenomics/api/v1/biomes/root:Environmental:Aquatic:Meromictic%20lake?format=csv"
"Bioreactor","root:Engineered:Bioremediation:Tetrachloroethylene and derivatives:Chloroethene:Bioreactor",0,"https://www.ebi.ac.uk/metagenomics/api/v1/biomes/root:Engineered:Bioremediation:Tetrachloroethylene%20and%20derivatives:Chloroethene:Bioreactor?format=csv"
"Circulatory system","root:Host-associated:Mammals:Circulatory system",0,"https://www.ebi.ac.uk/metagenomics/api/v1/biomes/root:Host-associated:Mammals:Circulatory%20system?format=csv"
"Cerebrospinal fluid","root:Host-associated:Human:Nervous system:Cerebrospinal fluid",0,"https://www.ebi.ac.uk/metagenomics/api/v1/biomes/root:Host-associated:Human:Nervous%20system:Cerebrospinal%20fluid?format=csv"
"Extracellular","root:Host-associated:Mollusca:Respiratory system:Gills:Extracellular",0,"https://www.ebi.ac.uk/metagenomics/api/v1/biomes/root:Host-associated:Mollusca:Respiratory%20system:Gills:Extracellular?format=csv"
"Epibionts","root:Host-associated:Annelida:Integument:Cuticle:Epibionts",0,"https://www.ebi.ac.uk/metagenomics/api/v1/biomes/root:Host-associated:Annelida:Integument:Cuticle:Epibionts?format=csv"
"Sanger","root:Engineered:Modeled:Simulated communities (sequence read mixture):Sanger",0,"https://www.ebi.ac.uk/metagenomics/api/v1/biomes/root:Engineered:Modeled:Simulated%20communities%20(sequence%20read%20mixture):Sanger?format=csv"
"Small intestine","root:Host-associated:Birds:Digestive system:Small intestine",0,"https://www.ebi.ac.uk/metagenomics/api/v1/biomes/root:Host-associated:Birds:Digestive%20system:Small%20intestine?format=csv"
"Nasal cavity","root:Host-associated:Mammals:Respiratory system:Nasopharyngeal:Nasal cavity",0,"https://www.ebi.ac.uk/metagenomics/api/v1/biomes/root:Host-associated:Mammals:Respiratory%20system:Nasopharyngeal:Nasal%20cavity?format=csv"
"Lymph nodes","root:Host-associated:Human:Lympathic system:Lymph nodes",0,"https://www.ebi.ac.uk/metagenomics/api/v1/biomes/root:Host-associated:Human:Lympathic%20system:Lymph%20nodes?format=csv"
"Extracellular symbionts","root:Host-associated:Annelida:Digestive system:Digestive tube:Extracellular symbionts",0,"https://www.ebi.ac.uk/metagenomics/api/v1/biomes/root:Host-associated:Annelida:Digestive%20system:Digestive%20tube:Extracellular%20symbionts?format=csv"
"Terephthalate","root:Engineered:Bioremediation:Terephthalate",0,"https://www.ebi.ac.uk/metagenomics/api/v1/biomes/root:Engineered:Bioremediation:Terephthalate?format=csv"
"Reproductive system","root:Host-associated:Mammals:Reproductive system",0,"https://www.ebi.ac.uk/metagenomics/api/v1/biomes/root:Host-associated:Mammals:Reproductive%20system?format=csv"
"Gymnolaemates","root:Host-associated:Invertebrates:Bryozoans:Gymnolaemates",0,"https://www.ebi.ac.uk/metagenomics/api/v1/biomes/root:Host-associated:Invertebrates:Bryozoans:Gymnolaemates?format=csv"
"Acidic","root:Environmental:Aquatic:Thermal springs:Hot (42-90C):Acidic",0,"https://www.ebi.ac.uk/metagenomics/api/v1/biomes/root:Environmental:Aquatic:Thermal%20springs:Hot%20(42-90C):Acidic?format=csv"
"Oil field","root:Environmental:Aquatic:Marine:Oil field",0,"https://www.ebi.ac.uk/metagenomics/api/v1/biomes/root:Environmental:Aquatic:Marine:Oil%20field?format=csv"
"Lumen","root:Host-associated:Birds:Digestive system:Ceca:Lumen",0,"https://www.ebi.ac.uk/metagenomics/api/v1/biomes/root:Host-associated:Birds:Digestive%20system:Ceca:Lumen?format=csv"
"Metal","root:Engineered:Bioremediation:Metal",0,"https://www.ebi.ac.uk/metagenomics/api/v1/biomes/root:Engineered:Bioremediation:Metal?format=csv"
"Tunicates","root:Host-associated:Tunicates",0,"https://www.ebi.ac.uk/metagenomics/api/v1/biomes/root:Host-associated:Tunicates?format=csv"
"Fossil","root:Host-associated:Human:Fossil",0,"https://www.ebi.ac.uk/metagenomics/api/v1/biomes/root:Host-associated:Human:Fossil?format=csv"
"Activated sludge","root:Engineered:Wastewater:Nutrient removal:Dissolved organics (aerobic):Activated sludge",0,"https://www.ebi.ac.uk/metagenomics/api/v1/biomes/root:Engineered:Wastewater:Nutrient%20removal:Dissolved%20organics%20(aerobic):Activated%20sludge?format=csv"
"Reproductive system","root:Host-associated:Animal:Reproductive system",0,"https://www.ebi.ac.uk/metagenomics/api/v1/biomes/root:Host-associated:Animal:Reproductive%20system?format=csv"
"Blood","root:Host-associated:Birds:Circulatory system:Blood",0,"https://www.ebi.ac.uk/metagenomics/api/v1/biomes/root:Host-associated:Birds:Circulatory%20system:Blood?format=csv"
"Umbilicus","root:Host-associated:Human:Skin:Umbilicus",0,"https://www.ebi.ac.uk/metagenomics/api/v1/biomes/root:Host-associated:Human:Skin:Umbilicus?format=csv"
"Venom gland","root:Host-associated:Reptile:Oral cavity:Venom gland",0,"https://www.ebi.ac.uk/metagenomics/api/v1/biomes/root:Host-associated:Reptile:Oral%20cavity:Venom%20gland?format=csv"
"Dinoflagellates","root:Host-associated:Microbial:Dinoflagellates",0,"https://www.ebi.ac.uk/metagenomics/api/v1/biomes/root:Host-associated:Microbial:Dinoflagellates?format=csv"
"Thalassic","root:Environmental:Aquatic:Non-marine Saline and Alkaline:Saline:Thalassic",0,"https://www.ebi.ac.uk/metagenomics/api/v1/biomes/root:Environmental:Aquatic:Non-marine%20Saline%20and%20Alkaline:Saline:Thalassic?format=csv"
"Fossil","root:Host-associated:Animal:Fossil",0,"https://www.ebi.ac.uk/metagenomics/api/v1/biomes/root:Host-associated:Animal:Fossil?format=csv"
"Venom","root:Host-associated:Arthropoda:Venom gland:Venom",0,"https://www.ebi.ac.uk/metagenomics/api/v1/biomes/root:Host-associated:Arthropoda:Venom%20gland:Venom?format=csv"
"Urine","root:Host-associated:Mammals:Excretory system:Urine",0,"https://www.ebi.ac.uk/metagenomics/api/v1/biomes/root:Host-associated:Mammals:Excretory%20system:Urine?format=csv"
"Venous leg ulcers","root:Host-associated:Human:Skin:Medial distal leg:Venous leg ulcers",0,"https://www.ebi.ac.uk/metagenomics/api/v1/biomes/root:Host-associated:Human:Skin:Medial%20distal%20leg:Venous%20leg%20ulcers?format=csv"
"Grasslands","root:Environmental:Terrestrial:Soil:Clay:Grasslands",0,"https://www.ebi.ac.uk/metagenomics/api/v1/biomes/root:Environmental:Terrestrial:Soil:Clay:Grasslands?format=csv"
"Circulatory system","root:Host-associated:Animal:Circulatory system",0,"https://www.ebi.ac.uk/metagenomics/api/v1/biomes/root:Host-associated:Animal:Circulatory%20system?format=csv"
"Excretory system","root:Host-associated:Fish:Excretory system",0,"https://www.ebi.ac.uk/metagenomics/api/v1/biomes/root:Host-associated:Fish:Excretory%20system?format=csv"
"Grasslands","root:Environmental:Terrestrial:Soil:Sand:Grasslands",0,"https://www.ebi.ac.uk/metagenomics/api/v1/biomes/root:Environmental:Terrestrial:Soil:Sand:Grasslands?format=csv"
"Fungus garden","root:Host-associated:Arthropoda:Symbiotic fungal gardens and galleries:Fungus garden",0,"https://www.ebi.ac.uk/metagenomics/api/v1/biomes/root:Host-associated:Arthropoda:Symbiotic%20fungal%20gardens%20and%20galleries:Fungus%20garden?format=csv"
"Endoperitrophic space","root:Host-associated:Mammals:Digestive system:Stomach:Endoperitrophic space",0,"https://www.ebi.ac.uk/metagenomics/api/v1/biomes/root:Host-associated:Mammals:Digestive%20system:Stomach:Endoperitrophic%20space?format=csv"
"Midgut","root:Host-associated:Arthropoda:Digestive system:Midgut",0,"https://www.ebi.ac.uk/metagenomics/api/v1/biomes/root:Host-associated:Arthropoda:Digestive%20system:Midgut?format=csv"
"Littoral zone","root:Environmental:Aquatic:Freshwater:Lentic:Littoral zone",0,"https://www.ebi.ac.uk/metagenomics/api/v1/biomes/root:Environmental:Aquatic:Freshwater:Lentic:Littoral%20zone?format=csv"
"Pulp and paper wastewater","root:Engineered:Wastewater:Industrial wastewater:Pulp and paper wastewater",0,"https://www.ebi.ac.uk/metagenomics/api/v1/biomes/root:Engineered:Wastewater:Industrial%20wastewater:Pulp%20and%20paper%20wastewater?format=csv"
"Hypolimnion","root:Environmental:Aquatic:Non-marine Saline and Alkaline:Saline:Hypolimnion",0,"https://www.ebi.ac.uk/metagenomics/api/v1/biomes/root:Environmental:Aquatic:Non-marine%20Saline%20and%20Alkaline:Saline:Hypolimnion?format=csv"
"Oral cavity","root:Host-associated:Mammals:Digestive system:Oral cavity",0,"https://www.ebi.ac.uk/metagenomics/api/v1/biomes/root:Host-associated:Mammals:Digestive%20system:Oral%20cavity?format=csv"
"Whale fall","root:Environmental:Aquatic:Marine:Fossil:Whale fall",0,"https://www.ebi.ac.uk/metagenomics/api/v1/biomes/root:Environmental:Aquatic:Marine:Fossil:Whale%20fall?format=csv"
"Epilimnion","root:Environmental:Aquatic:Freshwater:Lentic:Epilimnion",0,"https://www.ebi.ac.uk/metagenomics/api/v1/biomes/root:Environmental:Aquatic:Freshwater:Lentic:Epilimnion?format=csv"
"Landfill leachate","root:Engineered:Wastewater:Industrial wastewater:Landfill leachate",0,"https://www.ebi.ac.uk/metagenomics/api/v1/biomes/root:Engineered:Wastewater:Industrial%20wastewater:Landfill%20leachate?format=csv"
"Digestive system","root:Host-associated:Amphibia:Digestive system",0,"https://www.ebi.ac.uk/metagenomics/api/v1/biomes/root:Host-associated:Amphibia:Digestive%20system?format=csv"
"Secondary","root:Host-associated:Arthropoda:Intracellular endosymbionts:Secondary",0,"https://www.ebi.ac.uk/metagenomics/api/v1/biomes/root:Host-associated:Arthropoda:Intracellular%20endosymbionts:Secondary?format=csv"
"Epiphytes","root:Host-associated:Plants:Rhizoplane:Epiphytes",0,"https://www.ebi.ac.uk/metagenomics/api/v1/biomes/root:Host-associated:Plants:Rhizoplane:Epiphytes?format=csv"
"Clay","root:Environmental:Terrestrial:Deep subsurface:Clay",0,"https://www.ebi.ac.uk/metagenomics/api/v1/biomes/root:Environmental:Terrestrial:Deep%20subsurface:Clay?format=csv"
"Ice accretions","root:Environmental:Aquatic:Freshwater:Ice:Ice accretions",0,"https://www.ebi.ac.uk/metagenomics/api/v1/biomes/root:Environmental:Aquatic:Freshwater:Ice:Ice%20accretions?format=csv"
"Circulatory system","root:Host-associated:Fish:Circulatory system",0,"https://www.ebi.ac.uk/metagenomics/api/v1/biomes/root:Host-associated:Fish:Circulatory%20system?format=csv"
"Intracellular endosymbionts","root:Host-associated:Arthropoda:Intracellular endosymbionts",0,"https://www.ebi.ac.uk/metagenomics/api/v1/biomes/root:Host-associated:Arthropoda:Intracellular%20endosymbionts?format=csv"
"Epiphytes","root:Host-associated:Plants:Rhizome:Epiphytes",0,"https://www.ebi.ac.uk/metagenomics/api/v1/biomes/root:Host-associated:Plants:Rhizome:Epiphytes?format=csv"
"Asphalt lakes","root:Environmental:Terrestrial:Asphalt lakes",0,"https://www.ebi.ac.uk/metagenomics/api/v1/biomes/root:Environmental:Terrestrial:Asphalt%20lakes?format=csv"
"Fungi","root:Host-associated:Endosymbionts:Fungi",0,"https://www.ebi.ac.uk/metagenomics/api/v1/biomes/root:Host-associated:Endosymbionts:Fungi?format=csv"
"Microbial solubilization of coal","root:Engineered:Biotransformation:Microbial solubilization of coal",0,"https://www.ebi.ac.uk/metagenomics/api/v1/biomes/root:Engineered:Biotransformation:Microbial%20solubilization%20of%20coal?format=csv"
"Midpoint vagina","root:Host-associated:Human:Reproductive system:Vagina:Midpoint vagina",0,"https://www.ebi.ac.uk/metagenomics/api/v1/biomes/root:Host-associated:Human:Reproductive%20system:Vagina:Midpoint%20vagina?format=csv"
"Sediment","root:Environmental:Aquatic:Thermal springs:Warm (34-42C):Sediment",0,"https://www.ebi.ac.uk/metagenomics/api/v1/biomes/root:Environmental:Aquatic:Thermal%20springs:Warm%20(34-42C):Sediment?format=csv"
"Reproductive system","root:Host-associated:Annelida:Reproductive system",0,"https://www.ebi.ac.uk/metagenomics/api/v1/biomes/root:Host-associated:Annelida:Reproductive%20system?format=csv"
"Palatine tonsils","root:Host-associated:Human:Digestive system:Oral:Palatine tonsils",0,"https://www.ebi.ac.uk/metagenomics/api/v1/biomes/root:Host-associated:Human:Digestive%20system:Oral:Palatine%20tonsils?format=csv"
"Fumaroles","root:Environmental:Terrestrial:Volcanic:Fumaroles",0,"https://www.ebi.ac.uk/metagenomics/api/v1/biomes/root:Environmental:Terrestrial:Volcanic:Fumaroles?format=csv"
"Bioreactor","root:Engineered:Bioremediation:Tetrachloroethylene and derivatives:Tetrachloroethylene:Bioreactor",0,"https://www.ebi.ac.uk/metagenomics/api/v1/biomes/root:Engineered:Bioremediation:Tetrachloroethylene%20and%20derivatives:Tetrachloroethylene:Bioreactor?format=csv"
"Integument","root:Host-associated:Arthropoda:Integument",0,"https://www.ebi.ac.uk/metagenomics/api/v1/biomes/root:Host-associated:Arthropoda:Integument?format=csv"
"Shell","root:Host-associated:Mollusca:Shell",0,"https://www.ebi.ac.uk/metagenomics/api/v1/biomes/root:Host-associated:Mollusca:Shell?format=csv"
"Sediment","root:Environmental:Aquatic:Thermal springs:Tepid (25-34C):Sediment",0,"https://www.ebi.ac.uk/metagenomics/api/v1/biomes/root:Environmental:Aquatic:Thermal%20springs:Tepid%20(25-34C):Sediment?format=csv"
"Extracellular symbionts","root:Host-associated:Annelida:Integument:Subcuticular space:Extracellular symbionts",0,"https://www.ebi.ac.uk/metagenomics/api/v1/biomes/root:Host-associated:Annelida:Integument:Subcuticular%20space:Extracellular%20symbionts?format=csv"
"Attached Keratinized gingiva","root:Host-associated:Human:Digestive system:Oral:Attached Keratinized gingiva",0,"https://www.ebi.ac.uk/metagenomics/api/v1/biomes/root:Host-associated:Human:Digestive%20system:Oral:Attached%20Keratinized%20gingiva?format=csv"
"Reproductive system","root:Host-associated:Birds:Reproductive system",0,"https://www.ebi.ac.uk/metagenomics/api/v1/biomes/root:Host-associated:Birds:Reproductive%20system?format=csv"
"Chloroethene","root:Engineered:Bioremediation:Tetrachloroethylene and derivatives:Chloroethene",0,"https://www.ebi.ac.uk/metagenomics/api/v1/biomes/root:Engineered:Bioremediation:Tetrachloroethylene%20and%20derivatives:Chloroethene?format=csv"
"Viriome","root:Host-associated:Mammals:Respiratory system:Pulmonary system:Viriome",0,"https://www.ebi.ac.uk/metagenomics/api/v1/biomes/root:Host-associated:Mammals:Respiratory%20system:Pulmonary%20system:Viriome?format=csv"
"Nervous system","root:Host-associated:Human:Nervous system",0,"https://www.ebi.ac.uk/metagenomics/api/v1/biomes/root:Host-associated:Human:Nervous%20system?format=csv"
"Gills","root:Host-associated:Mollusca:Respiratory system:Gills",0,"https://www.ebi.ac.uk/metagenomics/api/v1/biomes/root:Host-associated:Mollusca:Respiratory%20system:Gills?format=csv"
"Subglacial lake","root:Environmental:Aquatic:Freshwater:Subglacial lake",0,"https://www.ebi.ac.uk/metagenomics/api/v1/biomes/root:Environmental:Aquatic:Freshwater:Subglacial%20lake?format=csv"
"Cuticle","root:Host-associated:Annelida:Integument:Cuticle",0,"https://www.ebi.ac.uk/metagenomics/api/v1/biomes/root:Host-associated:Annelida:Integument:Cuticle?format=csv"
"Activated sludge","root:Engineered:Bioremediation:Terephthalate:Wastewater:Activated sludge",0,"https://www.ebi.ac.uk/metagenomics/api/v1/biomes/root:Engineered:Bioremediation:Terephthalate:Wastewater:Activated%20sludge?format=csv"
"Uncharacterized","root:Host-associated:Mollusca:Digestive system:Ceca:Uncharacterized",0,"https://www.ebi.ac.uk/metagenomics/api/v1/biomes/root:Host-associated:Mollusca:Digestive%20system:Ceca:Uncharacterized?format=csv"
"Neutral","root:Environmental:Aquatic:Thermal springs:Hot (42-90C):Neutral",0,"https://www.ebi.ac.uk/metagenomics/api/v1/biomes/root:Environmental:Aquatic:Thermal%20springs:Hot%20(42-90C):Neutral?format=csv"
"Digestive tube","root:Host-associated:Annelida:Digestive system:Digestive tube",0,"https://www.ebi.ac.uk/metagenomics/api/v1/biomes/root:Host-associated:Annelida:Digestive%20system:Digestive%20tube?format=csv"
"Lumen","root:Host-associated:Birds:Digestive system:Crop:Lumen",0,"https://www.ebi.ac.uk/metagenomics/api/v1/biomes/root:Host-associated:Birds:Digestive%20system:Crop:Lumen?format=csv"
"Polycyclic aromatic hydrocarbons","root:Engineered:Bioremediation:Persistent organic pollutants (POP):Polycyclic aromatic hydrocarbons",0,"https://www.ebi.ac.uk/metagenomics/api/v1/biomes/root:Engineered:Bioremediation:Persistent%20organic%20pollutants%20(POP):Polycyclic%20aromatic%20hydrocarbons?format=csv"
"Bryozoans","root:Host-associated:Invertebrates:Bryozoans",0,"https://www.ebi.ac.uk/metagenomics/api/v1/biomes/root:Host-associated:Invertebrates:Bryozoans?format=csv"
"Lympathic system","root:Host-associated:Human:Lympathic system",0,"https://www.ebi.ac.uk/metagenomics/api/v1/biomes/root:Host-associated:Human:Lympathic%20system?format=csv"
"Microbialites","root:Environmental:Aquatic:Freshwater:Microbialites",0,"https://www.ebi.ac.uk/metagenomics/api/v1/biomes/root:Environmental:Aquatic:Freshwater:Microbialites?format=csv"
"Skin","root:Host-associated:Animal:Skin",0,"https://www.ebi.ac.uk/metagenomics/api/v1/biomes/root:Host-associated:Animal:Skin?format=csv"
"Undefined media","root:Engineered:Lab enrichment:Undefined media",0,"https://www.ebi.ac.uk/metagenomics/api/v1/biomes/root:Engineered:Lab%20enrichment:Undefined%20media?format=csv"
"Lymph nodes","root:Host-associated:Mammals:Lymphatic:Lymph nodes",0,"https://www.ebi.ac.uk/metagenomics/api/v1/biomes/root:Host-associated:Mammals:Lymphatic:Lymph%20nodes?format=csv"
"Microbial mats","root:Environmental:Aquatic:Non-marine Saline and Alkaline:Salt crystallizer pond:Microbial mats",0,"https://www.ebi.ac.uk/metagenomics/api/v1/biomes/root:Environmental:Aquatic:Non-marine%20Saline%20and%20Alkaline:Salt%20crystallizer%20pond:Microbial%20mats?format=csv"
"Feces","root:Host-associated:Animal:Fossil:Feces",0,"https://www.ebi.ac.uk/metagenomics/api/v1/biomes/root:Host-associated:Animal:Fossil:Feces?format=csv"
"Indoor Air","root:Environmental:Air:Indoor Air",0,"https://www.ebi.ac.uk/metagenomics/api/v1/biomes/root:Environmental:Air:Indoor%20Air?format=csv"
"Circulatory system","root:Host-associated:Birds:Circulatory system",0,"https://www.ebi.ac.uk/metagenomics/api/v1/biomes/root:Host-associated:Birds:Circulatory%20system?format=csv"
"retroauricular crease","root:Host-associated:Human:Skin:retroauricular crease",0,"https://www.ebi.ac.uk/metagenomics/api/v1/biomes/root:Host-associated:Human:Skin:retroauricular%20crease?format=csv"
"Biological phosphorus removal","root:Engineered:Wastewater:Nutrient removal:Biological phosphorus removal",0,"https://www.ebi.ac.uk/metagenomics/api/v1/biomes/root:Engineered:Wastewater:Nutrient%20removal:Biological%20phosphorus%20removal?format=csv"
"Sediment","root:Environmental:Aquatic:Non-marine Saline and Alkaline:Saline:Sediment",0,"https://www.ebi.ac.uk/metagenomics/api/v1/biomes/root:Environmental:Aquatic:Non-marine%20Saline%20and%20Alkaline:Saline:Sediment?format=csv"
"Reproductive system","root:Host-associated:Fish:Reproductive system",0,"https://www.ebi.ac.uk/metagenomics/api/v1/biomes/root:Host-associated:Fish:Reproductive%20system?format=csv"
"Venom gland","root:Host-associated:Arthropoda:Venom gland",0,"https://www.ebi.ac.uk/metagenomics/api/v1/biomes/root:Host-associated:Arthropoda:Venom%20gland?format=csv"
"Medial distal leg","root:Host-associated:Human:Skin:Medial distal leg",0,"https://www.ebi.ac.uk/metagenomics/api/v1/biomes/root:Host-associated:Human:Skin:Medial%20distal%20leg?format=csv"
"Contaminated","root:Environmental:Terrestrial:Soil:Clay:Contaminated",0,"https://www.ebi.ac.uk/metagenomics/api/v1/biomes/root:Environmental:Terrestrial:Soil:Clay:Contaminated?format=csv"
"Activated sludge","root:Engineered:Wastewater:Nutrient removal:Dissolved organics (anaerobic):Activated sludge",0,"https://www.ebi.ac.uk/metagenomics/api/v1/biomes/root:Engineered:Wastewater:Nutrient%20removal:Dissolved%20organics%20(anaerobic):Activated%20sludge?format=csv"
"Oil-contaminated sediment","root:Environmental:Aquatic:Marine:Neritic zone:Oil-contaminated sediment",0,"https://www.ebi.ac.uk/metagenomics/api/v1/biomes/root:Environmental:Aquatic:Marine:Neritic%20zone:Oil-contaminated%20sediment?format=csv"
"Forest soil","root:Environmental:Terrestrial:Soil:Sand:Forest soil",0,"https://www.ebi.ac.uk/metagenomics/api/v1/biomes/root:Environmental:Terrestrial:Soil:Sand:Forest%20soil?format=csv"
"Fungus gallery","root:Host-associated:Arthropoda:Symbiotic fungal gardens and galleries:Fungus gallery",0,"https://www.ebi.ac.uk/metagenomics/api/v1/biomes/root:Host-associated:Arthropoda:Symbiotic%20fungal%20gardens%20and%20galleries:Fungus%20gallery?format=csv"
"Viriome","root:Host-associated:Human:Respiratory system:Pulmonary system:Viriome",0,"https://www.ebi.ac.uk/metagenomics/api/v1/biomes/root:Host-associated:Human:Respiratory%20system:Pulmonary%20system:Viriome?format=csv"
"P3 segment","root:Host-associated:Arthropoda:Digestive system:Hindgut:P3 segment",0,"https://www.ebi.ac.uk/metagenomics/api/v1/biomes/root:Host-associated:Arthropoda:Digestive%20system:Hindgut:P3%20segment?format=csv"
"Limnetic zone","root:Environmental:Aquatic:Freshwater:Lentic:Limnetic zone",0,"https://www.ebi.ac.uk/metagenomics/api/v1/biomes/root:Environmental:Aquatic:Freshwater:Lentic:Limnetic%20zone?format=csv"
"Epilimnion","root:Environmental:Aquatic:Non-marine Saline and Alkaline:Saline:Epilimnion",0,"https://www.ebi.ac.uk/metagenomics/api/v1/biomes/root:Environmental:Aquatic:Non-marine%20Saline%20and%20Alkaline:Saline:Epilimnion?format=csv"
"Grasslands","root:Environmental:Terrestrial:Soil:Loam:Grasslands",0,"https://www.ebi.ac.uk/metagenomics/api/v1/biomes/root:Environmental:Terrestrial:Soil:Loam:Grasslands?format=csv"
"Respiratory system","root:Host-associated:Arthropoda:Respiratory system",0,"https://www.ebi.ac.uk/metagenomics/api/v1/biomes/root:Host-associated:Arthropoda:Respiratory%20system?format=csv"
"Fossil","root:Environmental:Aquatic:Marine:Fossil",0,"https://www.ebi.ac.uk/metagenomics/api/v1/biomes/root:Environmental:Aquatic:Marine:Fossil?format=csv"
"Mine","root:Environmental:Terrestrial:Geologic:Mine",0,"https://www.ebi.ac.uk/metagenomics/api/v1/biomes/root:Environmental:Terrestrial:Geologic:Mine?format=csv"
"Proctodeal segment","root:Host-associated:Arthropoda:Digestive system:Gut:Proctodeal segment",0,"https://www.ebi.ac.uk/metagenomics/api/v1/biomes/root:Host-associated:Arthropoda:Digestive%20system:Gut:Proctodeal%20segment?format=csv"
"Urethra","root:Host-associated:Human:Excretory system:Urethra",0,"https://www.ebi.ac.uk/metagenomics/api/v1/biomes/root:Host-associated:Human:Excretory%20system:Urethra?format=csv"
"Alkaline","root:Environmental:Aquatic:Non-marine Saline and Alkaline:Near-boiling (>90C):Alkaline",0,"https://www.ebi.ac.uk/metagenomics/api/v1/biomes/root:Environmental:Aquatic:Non-marine%20Saline%20and%20Alkaline:Near-boiling%20(%3E90C):Alkaline?format=csv"
"Bacteriomes","root:Host-associated:Arthropoda:Intracellular endosymbionts:Primary:Bacteriomes",0,"https://www.ebi.ac.uk/metagenomics/api/v1/biomes/root:Host-associated:Arthropoda:Intracellular%20endosymbionts:Primary:Bacteriomes?format=csv"
"Foregut","root:Host-associated:Arthropoda:Digestive system:Foregut",0,"https://www.ebi.ac.uk/metagenomics/api/v1/biomes/root:Host-associated:Arthropoda:Digestive%20system:Foregut?format=csv"
"Ectosymbionts","root:Host-associated:Algae:Green algae:Ectosymbionts",0,"https://www.ebi.ac.uk/metagenomics/api/v1/biomes/root:Host-associated:Algae:Green%20algae:Ectosymbionts?format=csv"
"Thoracic segments","root:Host-associated:Arthropoda:Integument:Cuticle:Thoracic segments",0,"https://www.ebi.ac.uk/metagenomics/api/v1/biomes/root:Host-associated:Arthropoda:Integument:Cuticle:Thoracic%20segments?format=csv"
"Uncharacterized","root:Host-associated:Mammals:Digestive system:Fecal:Uncharacterized",0,"https://www.ebi.ac.uk/metagenomics/api/v1/biomes/root:Host-associated:Mammals:Digestive%20system:Fecal:Uncharacterized?format=csv"
"Extracellular","root:Host-associated:Annelida:Reproductive system:Egg capsule:Extracellular",0,"https://www.ebi.ac.uk/metagenomics/api/v1/biomes/root:Host-associated:Annelida:Reproductive%20system:Egg%20capsule:Extracellular?format=csv"
"Bioreactor","root:Engineered:Solid waste:Composting:Wood:Bioreactor",0,"https://www.ebi.ac.uk/metagenomics/api/v1/biomes/root:Engineered:Solid%20waste:Composting:Wood:Bioreactor?format=csv"
"Endosymbionts","root:Host-associated:Endosymbionts",0,"https://www.ebi.ac.uk/metagenomics/api/v1/biomes/root:Host-associated:Endosymbionts?format=csv"
"Introitus","root:Host-associated:Human:Reproductive system:Vagina:Introitus",0,"https://www.ebi.ac.uk/metagenomics/api/v1/biomes/root:Host-associated:Human:Reproductive%20system:Vagina:Introitus?format=csv"
"Neutral","root:Environmental:Aquatic:Thermal springs:Warm (34-42C):Neutral",0,"https://www.ebi.ac.uk/metagenomics/api/v1/biomes/root:Environmental:Aquatic:Thermal%20springs:Warm%20(34-42C):Neutral?format=csv"
"Trophosome","root:Host-associated:Annelida:Intracellular endosymbionts:Trophosome",0,"https://www.ebi.ac.uk/metagenomics/api/v1/biomes/root:Host-associated:Annelida:Intracellular%20endosymbionts:Trophosome?format=csv"
"Coalbed water","root:Environmental:Aquatic:Freshwater:Groundwater:Coalbed water",0,"https://www.ebi.ac.uk/metagenomics/api/v1/biomes/root:Environmental:Aquatic:Freshwater:Groundwater:Coalbed%20water?format=csv"
"hard palate","root:Host-associated:Human:Digestive system:Oral:hard palate",0,"https://www.ebi.ac.uk/metagenomics/api/v1/biomes/root:Host-associated:Human:Digestive%20system:Oral:hard%20palate?format=csv"
"Bioreactor","root:Engineered:Solid waste:Composting:Grass:Bioreactor",0,"https://www.ebi.ac.uk/metagenomics/api/v1/biomes/root:Engineered:Solid%20waste:Composting:Grass:Bioreactor?format=csv"
"Lungs","root:Host-associated:Birds:Respiratory system:Lungs",0,"https://www.ebi.ac.uk/metagenomics/api/v1/biomes/root:Host-associated:Birds:Respiratory%20system:Lungs?format=csv"
"Tetrachloroethylene","root:Engineered:Bioremediation:Tetrachloroethylene and derivatives:Tetrachloroethylene",0,"https://www.ebi.ac.uk/metagenomics/api/v1/biomes/root:Engineered:Bioremediation:Tetrachloroethylene%20and%20derivatives:Tetrachloroethylene?format=csv"
